id,text,label,predicted_class,predicted_confidence
190002,"Water, Sanitation and Hygiene,Multipurpose Cash Assistance,Shelter and Settlements (USAID/OFDA)",0,Partial,0.0120499125
199111,"Water, Sanitation and Hygiene,Multipurpose Cash Assistance,Shelter and Settlements

( USAID/OFDA)",0,Partial,0.0120499125
199795,"Water, Sanitation and Hygiene,Multipurpose Cash Assistance,Agriculture and Food Security (USAID/OFDA)",0,Partial,0.011090731
183061,"Water, Sanitation and Hygiene,Multipurpose Cash Assistance,Shelter and Settlements,Risk Management Policy and Practice (USAID/OFDA)",0,Partial,0.013007076
199891,"Water, Sanitation and Hygiene,Multipurpose Cash Assistance,Protection,Agriculture and Food Security (USAID/OFDA)",0,Partial,0.011690695
183614,"Water, Sanitation and Hygiene,Multipurpose Cash Assistance,Protection,Agriculture and Food Security ( USAID/OFDA)",0,Partial,0.011690695
182914,"Water, Sanitation and Hygiene,Multipurpose Cash Assistance,Shelter and Settlements,Agriculture and Food Security (USAID/OFDA)",0,Partial,0.010445176
180478,"Water, Sanitation and Hygiene,Economic Recovery and Market Systems,Multipurpose Cash Assistance,Protection,Shelter and Settlements_x000D__x000D_
( USAID/OFDA)",0,Partial,0.012381218
180479,"Water, Sanitation and Hygiene,Economic Recovery and Market Systems,Multipurpose Cash Assistance,Protection,Shelter and Settlements_x000D__x000D_
( USAID/OFDA)",0,Partial,0.012381218
199889,"Water, Sanitation and Hygiene,Multipurpose Cash Assistance,Protection,Shelter and Settlements,Agriculture and Food Security (USAID/OFDA)",0,Partial,0.010925521
197087,"Water, Sanitation and Hygiene,Nutrition,Multipurpose Cash Assistance,Protection ( USAID/OFDA)",0,Partial,0.01332896
182905,"Water, Sanitation and Hygiene,Multipurpose Cash Assistance,Protection (USAID/OFDA)",0,Partial,0.013004837
163305,"WASH, CASH & Livestock Support in Borena Zone",0,Partial,0.028240845
199428,"Health,Water, Sanitation and Hygiene,Multipurpose Cash Assistance,Protection,Shelter and Settlements (USAID/OFDA)",0,Partial,0.013076766
183486,"Health,Water, Sanitation and Hygiene,Multipurpose Cash Assistance,Protection,Shelter and Settlements (USAID/OFDA)",0,Partial,0.013076766
182814,"Water, Sanitation and Hygiene,Economic Recovery and Market Systems,Multipurpose Cash Assistance,Protection,Shelter and Settlements,Humanitarian Coordination and Info Management,Risk Management Policy and Practice ( USAID/OFDA)",0,Partial,0.014025224
199855,"Integrated response, offering lifesaving support to these displaced Myanmar national providing health & medical service, Food & Non-Food Items, Shelter & Construction, Nutrition, Psycho-Social Support, Gender Based Violence and recently added to Cash Assistance Program to families, and particularly to the most vulnerable individuals including women, children, and the elderly",0,Partial,0.04166395
199776,"Health,Water, Sanitation and Hygiene,Nutrition,Multipurpose Cash Assistance,Shelter and Settlements,Agriculture and Food Security

(USAID/OFDA)",0,Partial,0.011593387
193033,"Hygiene, nutritional and winter assistance as cash as well as psychosocial support for conflict-affected needy along the line of contact, Eastern Ukraine. 2019: 962,089 €; 2020: 2,714,203 €; 2021: 1,257,996 € (2019 portion)",0,Partial,0.05627726
180073,"WASH, food security through cash transfers and safeguards in the state of Bieh; 2018: 712.500,00 € 2019: 2.250.000,00 € 2020: 1.312.500,00 €, Multiyear 2018-2020, total award Euro 4,275,000",0,Partial,0.077268936
202522,"Capacity Building, Food Security, Health, Logistics Support and Relief Commodities, Multipurpose Cash Assistance, WASH through IPs (State/PRM)",0,Partial,0.017145246
204967,"First line response,support and access to most vulnerable IDPs and host community through immediate provision of shelter NFIs/Cash for rent/and CCCM activities in Dhi-Sufal district,Ibb governorate and Almaafer ,Dhubab district,Taiz governorate",0,Partial,0.11403025
204968,"First line response,support and access to most vulnerable IDPs and host community through immediate provision of shelter NFIs/Cash for rent/and CCCM activities in Dhi-Sufal district,Ibb governorate and Almaafer ,Dhubab district,Taiz governorate",0,Partial,0.11403025
199488,"Health,Water, Sanitation and Hygiene,Economic Recovery and Market Systems,Nutrition,Multipurpose Cash Assistance,Protection,Shelter and Settlements,Humanitarian Coordination and Info Management,Agriculture and Food Security,Risk Management Policy and Practice (USAID/OFDA)",0,Partial,0.0141568715
182656,"Agriculture and Food Security, Economic Recovery and Market_x000D__x000D_
Systems, Health, Humanitarian Coordination and Information Management, Logistics Support and Relief Commodities,Multipurpose Cash Assistance, Nutrition, Protection, Shelter andSettlements, WASH through Non-Governmental Organization (NGO)_x000D__x000D_
Partners ( USAID/OFDA)",0,Partial,0.01828099
199257,"Health,Economic Recovery and Market Systems,Multipurpose Cash Assistance,Protection ( USAID/OFDA)",0,Partial,0.017305396
197765,"WASH, shelter, cash assistance, protection",0,Partial,0.01642126
198327,"Health,Water, Sanitation and Hygiene,Economic Recovery and Market Systems,Nutrition,Multipurpose Cash Assistance,Protection,Agriculture and Food Security (USAID/OFDA)",0,Partial,0.012262014
182909,"Health,Water, Sanitation and Hygiene,Economic Recovery and Market Systems,Nutrition,Multipurpose Cash Assistance,Protection,Agriculture and Food Security (USAID/OFDA)",0,Partial,0.012262014
199114,"Economic Recovery and Market Systems,Multipurpose Cash Assistance,Humanitarian Coordination and Info Management ( USAID/OFDA)",0,Partial,0.015320426
199536,"Multipurpose Cash Assistance,Humanitarian Coordination and Info Management,Agriculture and Food Security (USAID/OFDA)",0,Partial,0.02783993
181515,"Basic medical care and cash assistance in Iraq2018: 1.400.000,00 € 2019: 1.000.000,00 € 2020: 1.000.000,00 € (2019 portion)",0,Partial,0.07731477
166796,"Provision of cash for food and psychosocial support to IDP women, boys, girls and men, specific ESNFI needs assessment for particularly women headed households to respond most vulnerable families, and creating safe environment for affected children during emergencies in Kandahar, Hilmand, Uruzgan and Zabul provinces.",0,Partial,0.4180219
166797,"Provision of cash for food and psychosocial support to IDP women, boys, girls and men, specific ESNFI needs assessment for particularly women headed households to respond most vulnerable families, and creating safe environment for affected children during emergencies in Kandahar, Hilmand, Uruzgan and Zabul provinces.",0,Partial,0.4180219
166798,"Provision of cash for food and psychosocial support to IDP women, boys, girls and men, specific ESNFI needs assessment for particularly women headed households to respond most vulnerable families, and creating safe environment for affected children during emergencies in Kandahar, Hilmand, Uruzgan and Zabul provinces.",0,Partial,0.4180219
181514,"Basic medical care and cash assistance in Iraq2018: 1.400.000,00 €    2019: 1.000.000,00 €    2020: 1.000.000,00 € (2018 portion)",0,Partial,0.080927566
192015,"RRM: Assist flood affected people with NFIs, unconditional cash transfers and psycho social support",0,Partial,0.14267959
199537,"Economic Recovery and Market Systems,Multipurpose Cash Assistance,Shelter and Settlements (USAID/OFDA)",0,Partial,0.01582212
183787,"Economic Recovery and Market Systems,Multipurpose Cash Assistance,Shelter and Settlements ( USAID/OFDA)",0,Partial,0.01582212
184562,"Cash Assistance, Health, Livelihoods, Shelter and Settlements, WASH (STATE/PRM)",0,Partial,0.023565771
204963,"Food security assistance through cash plus, agriculture and fishery inputs in the most vulnerable districts of Al-Hodaydah, Al-Mahwait, Lahij and Taiz governorates in Yemen",0,Partial,0.051657118
200901,"Capacity Building, Cash-Based Programming, Health, Protection, Livelihoods, Relief Commodities, Shelter and Settlements, WASH (Jordan, Lebanon, Syria, ) through Implementing Partner (State/PRM)",0,Partial,0.02097123
201847,"Support basic needsm including food, thorugh cash based interventions as well as health and wash activities to restore and strengthen livelihoods in drought crisis",0,Partial,0.07755501
186884,"Support to vulnerable farmers through agricultural inputs/kits, capacity building and cash for work schemes to revitalize food production, livelihoods and income in the rural areas of Anbar, Kirkuk, Diyala and Salah Al Din.",0,Partial,0.068102516
197468,"Support for Venezuelan refugees and Colombian returnees in the area of health and protection, including integrated cash assistance and child nutrition2018: 100.000,00 2019: 600.000,00 €",0,Partial,0.1361233
183300,Support to Palestine Refugees in Syria through providing essential services including quality healthcare and education and emergency cash assistance,0,Partial,0.065404214
155543,Support to Palestine Refugees in Syria through providing essential services including quality healthcare and education and emergency cash assistance,0,Partial,0.065404214
180318,Provision of integrated food security through restocking and cash for work and nutrition through awareness to most vulnerable drought and sagoar cyclone effected population in Badhan and Taleh Districts.,0,Partial,0.2460972
194296,"Durable Solutions, Emergency Response, Health, Humanitarian Coordination and Information Management, Logistics Support and Relief Commodities, Multi-Purpose Cash Assistance, Multi-Sector Assistance, Protection, Shelter and Settlements (State/PRM)",0,Partial,0.016182877
191796,"Humanitarian assistance in the fields of nutritition (with Cash-measures), water and sanitation, and shelter for IDPs in Nordshan and Kachin/Myanmar (2019 portion)",0,Partial,0.03605439
180506,"Support for Venezuelan refugees and Colombian returnees in the area of health and protection, including integrated cash assistance and child nutrition 2018: 100.000,00 2019: 600.000,00 € (2019 portion) / Atención a migrantes y comunidad receptora en Soledad Atlantico, Bayunca Bolivar y Cúcuta Norte de Santander: en salud, proteción y nutrición: Atención médica general, asistencia psicosocial, espacios amigables para niños, asistencia legal, fortalecimiento institucional, campaña de sencibilización, talleres de nutrición. Entrega de kit de higiene, kit para madres lactantes y gestantes, kit recien nacido, entrega de suplementos alimenticios para niños, entraga de cash (cash for work).",0,Partial,0.05220997
166809,"Provision of WASH, Food Security (Cash transfer) and Protection assistance for IDPs and Returnees families in Khas Kuner district of Kuner province and Khugiani district of Nangrahar province",0,Partial,0.29500815
166810,"Provision of WASH, Food Security (Cash transfer) and Protection assistance for IDPs and Returnees families in Khas Kuner district of Kuner province and Khugiani district of Nangrahar province",0,Partial,0.29500815
166811,"Provision of WASH, Food Security (Cash transfer) and Protection assistance for IDPs and Returnees families in Khas Kuner district of Kuner province and Khugiani district of Nangrahar province",0,Partial,0.29500815
196460,"Cash & In-kind assistance for a total of 4265 IDPs/Cash for 1204 HHs,In kind/NFI Support for 2810 IDPs, and shelter repairs support for 250 returnees",0,Partial,0.032293543
202487,"Emergency response with shelter kits, food baskets, RTEs, shelter kits, winterization vouchers, NFI, MPGs (funding source. ECHO)",0,Partial,0.03899705
199979,"Sudan/CE Darfur: Water, Sanitation and Hygiene,Nutrition,Multipurpose Cash Assistance,Agriculture and Food Security ( USAID/OFDA)",0,Partial,0.036942877
202483,"Emergency response with shelter kits, food baskets, RTEs, shelter kits, winterization vouchers, NFI, MPGs (funding source. UK)",0,Partial,0.03910792
199322,"Economic Recovery and Market Systems,Multipurpose Cash Assistance,Risk Management Policy and Practice

(USAID/OFDA)",0,Partial,0.017142547
174067,"Short-term (voucher & in-kind) food assistance and provision of access to agricultural input/work for 4,805 people in Bashiqa Township",0,Partial,0.040834088
167296,"Water trucking,food and cash contributions",0,Partial,0.03051066
183705,"Humanitarian assistance in the areas of WASH and cash for work and unconditional cash transfers for Malian refugees and host communities; 2018: 25.460,54 € 2019: 681.098,95 € 2020: 508.440,51 € (2018 portion)",0,Partial,0.125976
183706,"Humanitarian assistance in the areas of WASH and cash for work and unconditional cash transfers for Malian refugees and host communities; 2018: 25.460,54 € 2019: 681.098,95 € 2020: 508.440,51 € (2019 portion)",0,Partial,0.12567459
195802,"Supporting earthquake-affected families in Sulawesi in restoring their livelihoods and WASH infrastructure :Water, Sanitation & Hygiene Promotion; Cash Transfer; Prevention & Preparedness",0,Partial,0.02098853
176580,"Cash and Resilience (Unconditional Cash, Agricultural Training and Inputs, Tree Nurseries)",0,Partial,0.035348337
179077,"Unconditional cash and food, NFI and Wash kits distribution_x000D__x000D_
 Syria - NFI/Shelter (50%), Syria - Food Security/Livelihoods (25%), Syria - WASH (25%)",0,Partial,0.02384389
167571,"Cash Project, diversication of livelihoods and market internevtions to strengthen vulnerable households; 2017: 90.000,00 € 2018: 405.000,00 € (AA-S09 321.50 SSD 13/17)",1,Full,0.93547446
167570,"Cash Project, diversication of livelihoods and market internevtions to strengthen vulnerable households; 2017: 90.000,00 € 2018: 405.000,00 € (AA-S09 321.50 SSD 13/17)",0,Full,0.93547446
191867,CASH and shelter support to flood affected families in Blantyre and Chikwawa districts in Malawi. Hygiene promotion campaign. Awareness raising GBV and CPV,0,Partial,0.03570651
185359,"Improvement of water supply, cash assistance and protection measures for internally displaced persons, returnees and host communities in Nineva",0,Partial,0.087755695
193334,"Cash Assistance for essential needs ($429,304), Safety and Security ($4,614), Capacity and Management Support ($96,809), Protection ($333), Emergency Health ($125,960), Education in Emergencies ($97,128)",0,Partial,0.028929273
195768,"Food, Cash for Food, Shelter, WASH, Protection, Capacity Building Multisector in Kachin / Shan - - Myanmar 2019",0,Partial,0.053041738
191483,"Improving immediate access to food and restoring livelihood-related food and income sources for drought and conflict affected people through Cash and provision of emergency livestock assistance in Alula and Bargaal Districts of Bari region, Somalia",0,Partial,0.12970123
206538,Cash Assistance for essential needs; Education in Emergencies; Emergency Health,0,Partial,0.48290795
156899,"Improving food security and livelihoods through distribution of food vouchers, cash for work activities and provision of animal health/fisheries services.",0,Partial,0.063426286
183911,"Food emergency and cash help for especially vulnerable persons in Niger; 2018: 4.000.000,00 € 2019: 1.000.000,00 € (2019 portion)",0,Partial,0.070954725
204943,Providing Cash and Agricultural support to highly vulnerable agricultural dependent and acutely food insecure families in Mawza district of Taizz governorate and Al-Qafr district of Ibb governorate,0,Partial,0.033431802
170310,"Cash for shelter + basic health care, vocational education, fire safety",0,Partial,0.28925157
182438,Support to Protect Food Security and Livelihoods through Rehabilitation of Agriculture Infrastructure and Cash for Work programs.,0,Partial,0.22019619
187487,"Food assistance, livelihood support, cash",0,Partial,0.011492636
198653,"Sudan/CE non-Darfur: Water, Sanitation and Hygiene,Multipurpose Cash Assistance,Agriculture and Food Security ( USAID/OFDA)",0,Partial,0.049757794
200900,"Cash-Based Programming, Education, Health, Livelihoods, Mental Health, Protection, Psychosocial Assistance, Shelter, WASH through NGO Partners (Egypt, Iraq, Jordan, Lebanon, Syria, Turkey) (State/PRM)",0,Partial,0.026325548
156748,"WASH, NFIs, cash, livelihoods through CARE Canada   (D004409).",0,Partial,0.019890737
163356,"""Health, shelter, NFI, WASH, food security and livelihoods_x000D__x000D_
(including unconditional cash) and disaster risk reduction (DRR) assistance to those affected by flooding in Bangladesh.""",0,Partial,0.018489486
199650,"Humanitarian assistance to affected population by means of food distribution, cash transfers and treatment and preventment of malnutrition",0,Partial,0.040956397
166785,"Supporting new and prolonged IDPs to meet their emergency food, WASH and Education needs in Kandahar and Takhar Provinces of Afghanistan through immediate cash transfer modality, WASH interventions and establishment of children Temporary Learning Space (TLS)",0,Partial,0.051679198
166786,"Supporting new and prolonged IDPs to meet their emergency food, WASH and Education needs in Kandahar and Takhar Provinces of Afghanistan through immediate cash transfer modality, WASH interventions and establishment of children Temporary Learning Space (TLS)",0,Partial,0.051679198
166787,"Supporting new and prolonged IDPs to meet their emergency food, WASH and Education needs in Kandahar and Takhar Provinces of Afghanistan through immediate cash transfer modality, WASH interventions and establishment of children Temporary Learning Space (TLS)",0,Partial,0.051679198
174144,"Aid to victims of conflict in South Sudan (cash, seeds, agriculture & fishing tools, education)",0,Partial,0.02299666
195703,Integrated humanitarian aid - in tangible and cash - and disaster risk reduction for those affected by climate-related crises in the Awdal region (2019 portion),0,Partial,0.060045995
185789,"Provision of crop and vegetable seeds, tools, fishing kits, and agricultural training, cash-based transfers",1,Partial,0.047029745
176799,"Provision of crop and vegetable seeds, tools, fishing kits, and agricultural training, cash-based transfers",0,Partial,0.047029745
176800,"Provision of crop and vegetable seeds, tools, fishing kits, and agricultural training, cash-based transfers",0,Partial,0.047029745
176802,"Provision of crop and vegetable seeds, tools, fishing kits, and agricultural training, cash-based transfers",0,Partial,0.047029745
176807,"Provision of crop and vegetable seeds, tools, fishing kits, and agricultural training, cash-based transfers",0,Partial,0.047029745
176798,"Provision of crop and vegetable seeds, tools, fishing kits, and agricultural training, cash-based transfers",0,Partial,0.047029745
176801,"Provision of crop and vegetable seeds, tools, fishing kits, and agricultural training, cash-based transfers",0,Partial,0.047029745
176806,"Provision of crop and vegetable seeds, tools, fishing kits, and agricultural training, cash-based transfers",0,Partial,0.047029745
185788,"Provision of crop and vegetable seeds, tools, fishing kits, and agricultural training, cash-based transfers",0,Partial,0.047029745
185807,"Provision of crop and vegetable seeds, tools, fishing kits, agriculture trainings, food processing, post harvest management, cash/voucher for assets (roads, dykes), construction of 1 school building, WASH (latrines, boreholes).",0,Partial,0.029813865
185806,"Provision of crop and vegetable seeds, tools, fishing kits, agriculture trainings, food processing, post harvest management, cash/voucher for assets (roads, dykes), construction of 1 school building, WASH (latrines, boreholes).",0,Partial,0.029813865
195729,"Improve access to food, water, sanitation, health care and nutrition by providing essential goods, services and cash support to vulnerable households of internally displaced people and host communities in Baidoa",0,Partial,0.08339825
204862,Emergency Livelihood Cash and Fishery Assistance to targeted highly vulnerable fishery-dependent in Brom Mayfa district of Hadhramaut governorate and Dubab district of Taiz governorate.,0,Partial,0.13899875
184356,"Emergency relief, including cash transfers for vulnerable agro-pastoral households in the areas of food security and livestock security in the Kayes areaNew allocation to the financial years as follows :   2018: 346.663,00 €    2019: 148.337,00 € (2018 portion)",0,Partial,0.1797571
184357,"Emergency relief, including cash transfers for vulnerable agro-pastoral households in the areas of food security and livestock security in the Kayes areaNew allocation to the financial years as follows : 2018: 346.663,00 € 2019: 148.337,00 € (2019 portion)",0,Partial,0.17580375
172492,"Construction of sanitation infrastructure, distribution of hygiene kits, distribution of seeds and food vouchers (seed protection ration)",0,Partial,0.036880434
194826,"Emergency aid for vulnerable internally displaced persons and host communities through cash transfer, securing livelihoods and WASH activities in South-Central Somalia and Mandera",0,Partial,0.07429814
194827,"Emergency aid for vulnerable internally displaced persons and host communities through cash transfer, securing livelihoods and WASH activities in South-Central Somalia and Mandera",0,Partial,0.07429814
204934,Provision of cash + Agricultural Livelihood interventions to the most vulnerable households at Jabal Ash Sharq district of Dhamar Governorate,0,Partial,0.2969784
199914,Food and Cash-based Assistance for Vulnerable Populations in Somalia,0,Partial,0.020800391
199916,Food and Cash-based Assistance for Vulnerable Populations in Somalia,0,Partial,0.020800391
199918,Food and Cash-based Assistance for Vulnerable Populations in Somalia,0,Partial,0.020800391
199922,Food and Cash-based Assistance for Vulnerable Populations in Somalia,0,Partial,0.020800391
199925,Food and Cash-based Assistance for Vulnerable Populations in Somalia,0,Partial,0.020800391
203836,Food and Cash-based Assistance for Vulnerable Populations in Somalia,0,Partial,0.020800391
203837,Food and Cash-based Assistance for Vulnerable Populations in Somalia,0,Partial,0.020800391
203838,Food and Cash-based Assistance for Vulnerable Populations in Somalia,0,Partial,0.020800391
203840,Food and Cash-based Assistance for Vulnerable Populations in Somalia,0,Partial,0.020800391
174355,"Rehabilitation of water points, WASH support in a health facility, distribution of agricultural inputs for market gardening and distribution of food vouchers (P006155)",0,Partial,0.031251
197575,Cash and WASH support,0,Partial,0.06729753
157117,Emergency Distribution of NFIs and Cash Transfer to Returnees and IDPs,0,Partial,0.14990956
161970,"Multi-year basic relief (NFIs and fuel vouchers) for vulnerable IDPs who have fled acute violencein Iraq 15)_x000D__x000D_
_x000D__x000D_
Shelter-NFI: $ 2,098,608_x000D__x000D_
Protection (psychosocial): $ 386,389_x000D__x000D_
Health: $ 577,730",0,Partial,0.028314363
198749,Child protection and multi-purpose cash activities in response to displacements in North West Syria.,0,Partial,0.3591244
204886,Livelihood Support through Cash+ Agriculture Assistance Package in Radfan District in Lahj Governorate and Bayhan District in Shabwah Governorate,0,Partial,0.07549804
169444,"Agriculture Production for potatoes and vegetables, and Cash For Work",0,Partial,0.042712163
200874,"Cash-Based Programming, Child Protection, Education, Gender-Based Violence, Health, Nutrition, WASH, Youth Programs (Egypt, Iraq, Jordan, Lebanon, Turkey) (State/PRM)",1,Partial,0.03616412
183219,"Cash for work and unconditional cash, distibution of livelihoods kits and training in Aweil East..from Tearfund",0,Full,0.6850702
155002,"Cash-for-Work, Cash Transfers for Food, Food Vouchers, Local Procurement, Nutrition through IPs (USAID/FFP)",0,Partial,0.05720272
199814,Food and Cash-based Assistance for Vulnerable Populations in Somalia (USAID/FFP),0,Partial,0.0156993
195369,"1. Provide technical assistance, mobilize partnerships and resources to promote migrant, asylum seeker, refugee and host women’s economic empowerment, opportunities and rights.

2. Provide Portuguese classes; vocational trainings on finance/accounting, business/entrepreneurship development; job counselling and legal advice on work permits and job security and other activities to improve livelihoods and life skills to female-only groups of Venezuelan migrant, asylum seeker refugee women.

3. Provide multi-purpose, unconditional, unrestricted cash to Venezuelan migrant, asylum seeker refugee women to support recovery, resiliency, economic empowerment and relocation. Total amount: € 95,323 (2019: € 67,823; 2020: € 27,500)",0,Partial,0.07003573
177918,SI: Livestock vaccination and  treatment activities; distribution of food vouchers.,0,Partial,0.081502
203104,GROWING SAFER: SUPPORTING SCHOOL DISASTER PREVENTION &amp; BUILDING BACK BETTER RECONSTRUCTION (ECHO/-SF/BUD/2019/91020),0,Partial,0.0913768
201385,Cash transfers and child protection activities focusing on most vulnerable due to food insecurity,0,Partial,0.18989761
201355,"Family Strengthening through Cash Transfer and Child Protection in Baidoa, Somalia",0,Partial,0.10116015
157510,Transitional Shelter Solutions and Cash for Work Support,0,Partial,0.21421279
181056,Provision of access to life-saving and life-sustaining non-food items and emergency shelter materials to the most vulnerable displaced and returning communities through mobile response across South Sudan and Cash-based modality in Bor South County.,0,Partial,0.48293784
183626,"Venezuela Regional/CE: Health,Water, Sanitation and Hygiene,Multipurpose Cash Assistance ( USAID/OFDA)",0,Partial,0.090192914
202095,"Shelter upgrading and winterization cash based assistance for IDPs and Host community in 12 Hard to reach districts of Laghman, Nangrahar and Kunar provinces",1,Full,0.66062444
198023,"Multi-year basic relief (NFIs and fuel vouchers) for vulnerable IDPs who have fled acute violencein Iraq Financial year 2015: 1.000.000,00 € 2016: 3.000.000,00 € 2017: 5.000.000,00€ 2018: 2.000.000,00€Top up financial year 2017: 4.000.000,00 € 2018: 1.000.000,00 € 2019: 2.000.000,00 € (AA-S05-321.50 IRQ 13/15)",1,Partial,0.07763858
167995,"Multi-year basic relief (NFIs and fuel vouchers) for vulnerable IDPs who have fled acute violencein Iraq Financial year 2015: 1.000.000,00 € 2016: 3.000.000,00 € 2017: 5.000.000,00€ 2018: 2.000.000,00€Top up financial year 2017: 4.000.000,00 € 2018: 1.000.000,00 € 2019: 2.000.000,00 € (AA-S05-321.50 IRQ 13/15)",0,Partial,0.07763858
200067,"Provide food security and nutrition support to people affected by the humanitarian crisis in Northeast Nigeria through general food, cash and voucher distributions, blanket supplementary feeding, livelihoods, and building government's capacity in disaster risk reduction and emergency preparedness.(part of ECHO/-WF/BUD/2018/91011)",0,Partial,0.044006094
189837,"Distribution of food, cash transfers, treating and preventing malnutrition.",0,Partial,0.05645065
189838,"Distribution of food, cash transfers, treating and preventing malnutrition.",0,Partial,0.05645065
189839,"Distribution of food, cash transfers, treating and preventing malnutrition.",0,Partial,0.05645065
189840,"Distribution of food, cash transfers, treating and preventing malnutrition.",0,Partial,0.05645065
189841,"Distribution of food, cash transfers, treating and preventing malnutrition.",0,Partial,0.05645065
190604,"Distribution of food, cash transfers, treating and preventing malnutrition.",0,Partial,0.05645065
196228,"Capacity and Management Support ($347,303); Cash Assistance for essential needs ($5,577)",0,Partial,0.025092687
196522,Improve the living conditions of internally displaced people with cash and wash assistance to meet immediate basic needs,0,Partial,0.07335706
161969,"Multi-year basic relief (NFIs and fuel vouchers) for vulnerable IDPs who have fled acute violencein Iraq Financial year 2015: 1000000.00 €, 2016: 3000000.00 €, 2017: 5000000.00€, 2018: 2000000.00€",0,Partial,0.06510047
184408,"Multi-Purpose Cash and Education to Reduce the Impact of Super Typhoon Mangkhut / Ompong in the Philippines2018: 401.590,78 € 2019: 98.409,22 € (2019 portion)",0,Full,0.5709895
184410,"Multi-Purpose Cash and Education to Reduce the Impact of Super Typhoon Mangkhut / Ompong in the Philippines2018: 401.590,78 €    2019: 98.409,22 € (2018 portion)",0,Full,0.5817502
193326,"Palestinian Refugees from Syria in Lebanon : Cash Assistance for essential needs ($2,697,419), Safety and Security ($11,575), Capacity and Management Support ($291,725), Education in Emergencies ($1,192,712), Emergency Health ($204,553) and Protection ($201,832) (MEU-19/0003-2)",0,Partial,0.025070082
192067,Food and Cash-based Assistance to refugees in Refugee Camps in Northwestern Tanzania (ECHO/COD/BUD/2019/91002),0,Partial,0.031195799
186918,"Global: Cash and market Specialis: WASH, Water resources conservation (including data collection), Multiyear 2018-2019, 2019 portion, total amount CHF 380,000 ( Z7H214200064)",1,Full,0.6963839
183063,Construction of 340 Shelters and Latrines and Multi purpose cash distribution for 382 households (USAID/OFDA),0,Partial,0.055721167
193284,"Integrated community-based management of acute malnutrition, cash and WASH services in the Korahe zone of the Somali region. 2019: 900,000 €; 2020: 450,000 € (2019 portion)",0,Partial,0.17442122
190871,PAM: Relance de la production agricole+cashCICR: Achat et distribution de semencesSI: Assistance en vivres et en intrants agricoles,0,Partial,0.14104272
190872,PAM: Relance de la production agricole+cashCICR: Achat et distribution de semencesSI: Assistance en vivres et en intrants agricoles,0,Partial,0.14104272
190873,PAM: Relance de la production agricole+cashCICR: Achat et distribution de semencesSI: Assistance en vivres et en intrants agricoles,0,Partial,0.14104272
195866,"Multi-sector emergency and cash response for Nigerian refugees, IDPs, returnees and vulnerable host populations living in areas bordering Nigeria, Far North Cameroon; 2018: 95.000,00 € 2019: 1.030.000,00 € (2019 portion)",0,Partial,0.14319205
170728,Aide aux réfugiés irakiens de Madaba et Kerak : cash for work et formation professionelle,0,Partial,0.1856955
201896,"Winter assistance through cash and in-kind benefits for returnees, internally displaced persons and particularly vulnerable households in host communities (2019 portion)",0,Partial,0.088672504
181783,"Food assistance and early reconstruction with cash to secure a livelihood for needy internally displaced persons and returnees in the state of Borno; 2018: 400.000,00 € 2019: 1.000.000,00 € (2019 portion)",0,Partial,0.15059218
190719,PAM: fourniture d'aliments adaptés pr enfants de 6 à 23 mois et FEAGret:bons achats et rations de prorection +farines fortifiéesACF: diversification alimentaire et traitement de la malnutrition,0,Partial,0.1164063
190720,PAM: fourniture d'aliments adaptés pr enfants de 6 à 23 mois et FEAGret:bons achats et rations de prorection +farines fortifiéesACF: diversification alimentaire et traitement de la malnutrition,0,Partial,0.1164063
190721,PAM: fourniture d'aliments adaptés pr enfants de 6 à 23 mois et FEAGret:bons achats et rations de prorection +farines fortifiéesACF: diversification alimentaire et traitement de la malnutrition,0,Partial,0.1164063
202285,"Rehabilitation of water systems, cash assistance for renovation and protection measures for conflict-affected persons- Multi year - 2019 portion-",0,Partial,0.037397977
202065,"Distribution of lifesaving non-food items, shelter materials and cash for shelter for the most vulnerable displacement affected populations in South Sudan.",0,Partial,0.038057465
156739,"In response to 2017 appeal:WASH, health, nutrition, cash, livelihoods through L'Oeuvre Léger (D004378).",0,Partial,0.07273778
169475,"Provide food assistance, medical services, and emergency cash assistance_x000D__x000D_
(part of D003267)",0,Partial,0.03178054
173139,"In response to 2018 appeal:WASH, health, nutrition, cash, livelihoods through L'Oeuvre Léger (D004378).",0,Partial,0.07151595
191906,"Immediate humanitarian assistance to the most vulnerable Syrian refugees in Hatay province through case management, seasonal cash support and emergency shelter repair. 2019: 1,124,800 €; 2020: 427,130 € (2019 portion)",0,Partial,0.100197695
199745,"Support to the United Nations Relief and Works Agency for Palestine Refugees in the Near East (UNRWA): Capacity and Management Support ($237,207); Cash Assistance for essential needs ($170,570); Safety and Security (105,894)",0,Partial,0.015571179
181193,"Provision of life-saving dry season vegetable kits and fishing kits, integrated with cash-for-work/WASH from other programs, for the most vulnerable 8500 households in Koch County to support their restoration of livelihoods for improving food security.",0,Full,0.5523026
166664,"Provision of life-saving Emergency Shelter and Non-Food Items, and distribution of cash vouchers in CES and EES.",0,Partial,0.18695436
193757,PAM: transfert d'espèces + traitement de la MAMUnicef: traitement MAS,0,Partial,0.309649
193768,PAM: transfert d'espèces + traitement de la MAMUnicef: traitement MAS,0,Partial,0.309649
177912,Acted : Transferts monétaires + activités maraichaires,0,Partial,0.28702968
168811,"Provide support to  10 public  schools  in 2 Bay regional towns of Berdale and Bur hakaba  through the provision of clean drinking water, provision of school cash grants, emergency teacher incentives, Construction of 2 temporary learning space (TLS) with 2 twin latrine",0,Partial,0.048424963
192448,"Distribution of lifesaving non-food items, shelter materials and cash for shelter for the most vulnerable conflict and disaster-affected populations in South Sudan",0,Partial,0.04014246
194716,"Securing the basic needs of vulnerable groups through cash assistance, primary care and psychosocial activities",0,Partial,0.06296546
197658,Supporting the livelihood of the vulnerable Farmers with vouchers for agriculture inputs and irrigation fees for vegetables,1,Partial,0.35624075
190940,PAM: Rations alimentaires ou bons alimentaires pour populations en IPC 4 ou supérieurCICR: colis alimentaires+riz,0,Partial,0.26288018
190941,PAM: Rations alimentaires ou bons alimentaires pour populations en IPC 4 ou supérieurCICR: colis alimentaires+riz,0,Partial,0.26288018
183310,"unconditional cash transfers to 4,400 households; livelihood recovery assistance to 2,300 farmers through seed distribution and 1,900 herders through feed and fodder distributions; safe drinking water through the rehabilitation of 220 wells and 14 water networks and construction of 31 boreholes; and 21 small scale structural mitigation projects through community based Disaster Risk Reduction (ECHO/-AS/BUD/2018/91028)",0,Partial,0.32956523
187086,Improvement of water supply and cash assistance to create housing for returnees.,0,Partial,0.13842554
183433,"Cash Assistance for essential needs, including food, shelter and NFIs; Emergency Health_x000D__x000D_
Capacity and Management Support",0,Full,0.9845792
180082,Supporting drought affected host communities and IDPs to meet their emergency food and WASH needs in Kandahar and Helmand Provinces of Afghanistan through immediate cash transfer modality and WASH interventions,0,Partial,0.3287469
180083,Supporting drought affected host communities and IDPs to meet their emergency food and WASH needs in Kandahar and Helmand Provinces of Afghanistan through immediate cash transfer modality and WASH interventions,0,Partial,0.3287469
189355,"In response to 2019 appeal: Shelter, NFI, WASH, livelihood, Cash programming

(P007412)",0,Partial,0.062618226
174550,PAM: Fournir une assistance alimentaire aux ménages réfugiés syriens au Liban avec une aide en espèces; AMEL: cuisines et jardins collectifs/distribution de repas chaud; ACF: Bons d'achat pour produits frais+jardins potagers dans des écoles,0,Partial,0.31319535
195865,"Multi-sector emergency and cash response for Nigerian refugees, IDPs, returnees and vulnerable host populations living in areas bordering Nigeria, Far North Cameroon",0,Partial,0.07134031
195867,"Multi-sector emergency and cash response for Nigerian refugees, IDPs, returnees and vulnerable host populations living in areas bordering Nigeria, Far North Cameroon",0,Partial,0.07134031
174549,PAM: Cantines scolaires pour réfugiés syriens+cash pour femmes qui vont cuisiner ces repas; UNRWA : Transfert d'espèces pour les réfugiés palestiniens,0,Partial,0.3338074
154985,"Food and cash to improve food security in Nugaal/Sool, Puntland State and Bay, South West State of Somalia. (D002531).",0,Partial,0.060758967
169054,"Delivering case managment and GBV cash assistance within a survivor centered approach for Syrian refugee and host community women in Jordan, Multiyear 2017-2019, total amount CHF 520,000 (7F-09919.01)",0,Partial,0.15479
188080,Lean Season Assistance (LSA): Cash and/or food transfers to the most vulnerable households affected by seasonal food shortages.,0,Partial,0.043065615
156243,"Provide food assistance, medical services, and emergency cash assistance (D003920)",0,Partial,0.031755112
156245,"Provide food assistance, medical services, and emergency cash assistance (D003920)",0,Partial,0.031755112
203832,In kind - Food and Cash-based Assistance for Vulnerable Populations in Somalia (USAID/FFP),0,Partial,0.035655376
184732,Multi-year basic relief (NFIs and fuel vouchers) for vulnerable IDPs who have fled acute violence in Iraq. Financial year 2018,0,Partial,0.056391288
184731,Multi-year basic relief (NFIs and fuel vouchers) for vulnerable IDPs who have fled acute violence in Iraq. Financial year 2019,0,Partial,0.054856632
163340,"Emergency food, water and healthcare assistance in Yemen (including cash-transfer programming)",0,Partial,0.07603142
193329,"Palestinian Refugees Assistance in Syria (MEU-19/0003-1). Cash Assistance for essential needs ($391,163); Food Assistance ($109,335); Safety and Security ($809,634); Capacity and Management Support ($360,417); Education in Emergencies ($1,841,470); Emergency Health ($293,040); Environmental Health ($176,490); Livelihoods ($43,290)",0,Partial,0.026259342
190587,"Multipurpose cash assistance in Kasai, Kasaï Central and Tanganyika to conflict affected people and Congolese nationals expelled from Angola and the strengthening of food security data collection to improve an evidence-based response to the needs of affected populations in the DRC (part of ECHO/COD/BUD/2019/91008)",1,Full,0.92195433
196542,"Multipurpose cash assistance in Kasai, Kasaï Central and Tanganyika to conflict affected people and Congolese nationals expelled from Angola and the strengthening of food security data collection to improve an evidence-based response to the needs of affected populations in the DRC (part of ECHO/COD/BUD/2019/91008)",1,Full,0.92195433
198558,"Multipurpose cash assistance in Kasai, Kasaï Central and Tanganyika to conflict affected people and Congolese nationals expelled from Angola and the strengthening of food security data collection to improve an evidence-based response to the needs of affected populations in the DRC (part of ECHO/COD/BUD/2019/91008)",0,Full,0.92195433
167530,"Multi-purpose cash grants, cash for work, micro-grants, capacity building",1,Full,0.93947995
163341,"Emergency food, water and healthcare assistance in Nigeria (including cash-transfer programming)",0,Partial,0.081028804
183625,"Venezuela Regional/CE: Multipurpose Cash Assistance,Protection ( USAID/OFDA)",0,Full,0.55474955
203039,"Implementation of Grand Bargain Commitments in the field of Harmonization and Simplification of Donor Reporting Requirements as well as cash-based humanitarian assistance; 2017: 55.224,00 € 2018: 100.294,00 € 2019: 61.194,00 € (2019 portion)",0,Partial,0.2474133
193265,Integrated health and nutrition (TSFP MCHN) programing and food distribution with conditional vouchers in Banadir.,0,Partial,0.093914665
166806,"Emergency assistance to 750 IDPs households (5250 individuals) through cash transfers, protection, and WASH to improve the humanitarian conditions of conflict-affected persons in hard-to-reach areas in the East region of Afghanistan, in particular in the districts of Surkh Rod in Nangahar, and Dari-i-Pech and Khas Kunar in Kunar",0,Partial,0.18645836
166807,"Emergency assistance to 750 IDPs households (5250 individuals) through cash transfers, protection, and WASH to improve the humanitarian conditions of conflict-affected persons in hard-to-reach areas in the East region of Afghanistan, in particular in the districts of Surkh Rod in Nangahar, and Dari-i-Pech and Khas Kunar in Kunar",0,Partial,0.18645836
166808,"Emergency assistance to 750 IDPs households (5250 individuals) through cash transfers, protection, and WASH to improve the humanitarian conditions of conflict-affected persons in hard-to-reach areas in the East region of Afghanistan, in particular in the districts of Surkh Rod in Nangahar, and Dari-i-Pech and Khas Kunar in Kunar",0,Partial,0.18645836
182365,"Emergency assistance (including cash transfers) for agro-pastoral guesthouses, refugees, internally displaced persons and returnees in the communes of Ayorou, Banibangou and Tillabéri; 2018: 425.342,96 € 2019: 47.157,04 € (2018 portion)",0,Partial,0.14949085
158513,Alima:Prise en charge de la malnutrition aiguë sévère (enfants avec complications).PUI: Assistance alimentaire / coupons + renforcement dépistage de la malnutrition,0,Partial,0.1836444
202289,"Unconditional cash grants to affected female-headed households, awareness raising, repair of ponds.",0,Full,0.5629637
196534,CICR: distribution semences et outils; DCA: cash tranfert,0,Partial,0.2994561
195428,"UNRWA : Assistance alimentaire en espèces aux réfugiés palestiniens les plus vulnérablesACF : Renforcement de la sécurité alimentaire et nutritionnelle, et des moyens de subsistance au sein de communautés vulnérables vivant dans la Bekaa",1,Full,0.76373583
195429,"UNRWA : Assistance alimentaire en espèces aux réfugiés palestiniens les plus vulnérablesACF : Renforcement de la sécurité alimentaire et nutritionnelle, et des moyens de subsistance au sein de communautés vulnérables vivant dans la Bekaa",1,Full,0.76373583
162461,"Implementation of Grand Bargain Commitments in the field of Harmonization and Simplification of Donor Reporting Requirements as well as cash-based humanitarian assistance; Multiyear 2017-2019; 2017: 55.224,00 € 2018: 100.294,00 € 2019: 61.194,00 €",0,Partial,0.2779662
162459,"Implementation of Grand Bargain Commitments in the field of Harmonization and Simplification of Donor Reporting Requirements as well as cash-based humanitarian assistance; Multiyear 2017-2019; 2017: 55.224,00 € 2018: 100.294,00 € 2019: 61.194,00 €",0,Partial,0.2779662
193361,"Support to UNRWA's Syria Emergency Appeal in Jordan. Capacity and Management Support: $229,878; Emergency Health: $24,841; Cash Assistance for essential needs: $1,032,282.",0,Partial,0.03066691
185180,Supporting drought affected IDPs to meet their emergency needs through Provision of Emergency Shelter and cash for winterization in Karukh district- Herat Province.,0,Full,0.52490556
165606,"Food vouchers, Local and Regional Food Procurement (USAID/FFP)",0,Partial,0.15700723
176670,Building Community Resilience through Disaster Response Management and Multipurpose Cash Preparedness (ECHO/-SF/BUD/2018/91009),0,Partial,0.13494687
177909,Transfert d'espèces+activités agricoles,0,Partial,0.08671649
191946,"Emergency humanitarian assistance through the distribution of cash and the diversification of livelihoods for displaced persons, returnees and host communities in the Upper Nile region",0,Partial,0.18109742
193357,"Cash Assistance for essential needs ($2,406,091), Food Assistance ($111,000)",0,Partial,0.35444418
159083,Comprehensive Emergency WASH and Unconditional Cash Assistance for Vulnerable Conflict Affected Households in Al Dhale'e (ECHO/YEM/BUD/2017/91006),0,Partial,0.4643601
185231,Provision of emergency shelter and cash for winterization support for drought-affected IDPs in Badghis province.,0,Full,0.8142563
174537,PAM: cash pour PDI; CICR: colis alimentaires et riz; TGH: Soutien à la résilience des ménages d’éleveurs les plus vulnérables affectés par le conflit,1,Full,0.655938
191609,Restauration des moyens de subsistance et facilitation de l’accès humanitaire par des petites réhabilitations d’urgence des pistes rurales et des infrastructures agricoles à travers le transfert monétaire (argent contre travail),1,Partial,0.47532082
189272,"In response to 2019 Regional Refugee and Migrant Response Plan (Venezuela crisis): Shelter, cash assistance, protection (P007423)",0,Partial,0.066992424
161976,"Improvement of nutrition status and current living conditions of IDP's and host communities in Wau sity and district by voucher distributions for FoodFinancial year 2016: 284211.94 € , 2017: originally 500000.00 € + top up in 2017 500000.00 € = total amount 1000000.00 € , 2018: 114000.00 €",1,Partial,0.43175086
161975,"Improvement of nutrition status and current living conditions of IDP's and host communities in Wau sity and district by voucher distributions for FoodFinancial year 2016: 284211.94 € , 2017: originally 500000.00 € + top up in 2017 500000.00 € = total amount 1000000.00 € , 2018: 114000.00 €",1,Partial,0.43175086
177874,Multi-year basic relief (NFIs and fuel vouchers) for vulnerable IDPs who have fled acute violencein Iraq 15),0,Partial,0.051742706
150895,Support to Emergency Job Creation and Transitional Shelter Cash Assistance (TSCA) Programmes in Gaza (part of PG/2016/03 - 3017837 - 2017 portion),0,Partial,0.29362425
197681,"Food Vouchers, Local and Regional Food Procurement, Nutrition (Amazonas, Bahia, Minas Gerais, Paraná, Rio Grande do Sul, Roraima) (USAID/FFP)",1,Partial,0.08693829
180449,Provision of emergency shelter and cash NFI for drought-affected IDPs in Herat and Badghis provinces.,0,Full,0.96062744
206055,"- Protect and promote the right to education of Palestine refugee children and youth in UNRWA schools whose continued access to education is affected by poverty, crisis, and conflict- Respond to the emergency needs of Palestine refugees in Syria through the provision of cash assistance",0,Partial,0.2037428
162027,Commodity Voucher & Training for the farmers in two govrnorates (USAID/OFDA),0,Partial,0.045538433
170434,The project aims at assisting to improve food and nutrition security for the most vulnerable populations (including IDPs and Recent Returnees from neighbouring countries) in food crisis situation according to the last IPC cycle 2017). the main activities are: Agricultural inputs distribution; Inconditional Cash Transfer; Income Generating Activities and Nutrition awarness raising..,0,Partial,0.086655565
192724,"Emergency assistance (including cash transfers) for agro-pastoral guesthouses, refugees, internally displaced persons and returnees in the communes of Ayorou, Banibangou and Tillabéri; 2018 (2019 portion)",0,Partial,0.12310384
204072,"Multi-sector emergency and cash response for Nigerian refugees, IDPs, returnees and vulnerable host populations living in areas bordering Nigeria, Far North Cameroon (2019 portion)",0,Partial,0.10069055
175548,"IOM is proposing an eight-month project with the primary aim of contributing to the reduction of vulnerability of Afghan returnees from Iran, through post-arrival humanitarian assistance, transportation grants, cash-based assistance, and tailored protection services to persons with specific needs (PSN) including Protection Case Management, and referrals including support to medical cases.",0,Partial,0.1528177
190706,WASH and Cash - Aleppo,0,Partial,0.030918187
194091,Provide cash and/or food transfers to vulnerable households affected by crisis (STATE/PRM),0,Partial,0.035405073
195736,"Securing multisectoral basic needs, including cash, particularly vulnerable conflict affected in the buffer zone, eastern Ukraine",0,Partial,0.45343953
165293,Enhanced efficiency and effectiveness of cash and market based response by providing training to national/local authorities as well as documenting/sharing good practices and developing monitoring tools to have coordinated and harmonized response,1,Full,0.7937707
194104,Provide cash and/or food transfers to vulnerable households affected by crisis,0,Partial,0.03576991
193308,Strengthening the resilience of Palestine refugees from Syria in Lebanon through cash assistance and health services,0,Partial,0.07976719
183324,Strengthening the resilience of Palestine refugees from Syria in Lebanon through cash assistance and health services,0,Partial,0.07976719
153220,"Relèvement immédiat Post-Matthew: Assistance cash et semences à des familles paysannes through SHA , Multiyear: 2016-2017, 2017 portion (part of 7F-09736.01)",0,Partial,0.1324253
181136,Provision of emergency S-NFI and restricted cash vouchers to conflict affected population in Western and Central Equatoria States.,0,Full,0.96610427
188292,"IRC responds to the emergency food insecurity, IPC 4 and 3, through unconditional cash transfers in favour of 6120 individuals. -Food assistance through cash distribution to vulnerable households in Chipinge and Chiredzi districts for drought victims. Revisised to add food package to cyclone victims in the same area.",0,Full,0.7886548
195106,"To improve the availability of food for the most vulnerable in Yemen, through well targeted cash and voucher assistance. To provide integrated prevention and treatment of acute malnutrition through three sectors: Nutrition, WASH and Health.",1,Full,0.74610484
200199,"To improve the availability of food for the most vulnerable in Yemen, through well targeted cash and voucher assistance. To provide integrated prevention and treatment of acute malnutrition through three sectors: Nutrition, WASH and Health.",0,Full,0.74610484
170312,Cash for shelter + basic health care,1,Full,0.9843428
179519,"Emergency Response North West -  (WASH, NFIs and Unconditional Cash Transfers)",0,Partial,0.09006235
190037,"Health, cash assistance",0,Partial,0.025022741
181506,"Cash-based food aid and fuel for internally displaced persons and returnees2018: 345.000,00 € 2019: 180.000,00 € (2019 portion)",1,Partial,0.2591232
163346,"Increasing provision of cash transfers from 200 to 475 households (approx. 2,850 people) in four villages in Cynabo District, Sool region, for food security, improved water access and child nutrition. (50% of budget is cash transfers)",0,Partial,0.27359885
159170,Amélioration de la sécurité alimentaire et de la résilience des communautés à Karamoja au travers d’activités de travail contre argent et de formation.,0,Full,0.54417145
169416,"Envelop 1: Emergency Lifesaving Ignore Food Voucher Assistance to 4200HHs of most vulnerable affected by the conflict of men, women, boys and girls in Dawran Aness and Jabal Ash sharq Districts in Dhamar Governorate.",1,Full,0.779418
184085,WES GFD/CASH/Nutrition Project.,0,Full,0.9508632
202073,"Emergency winterization response, with protection mainstreamed, to women, men, boys and girls in situation of high vulnerability, including host communities and IDPs, through cash assistance in Ghor, Bamyan and Helmand provinces.",1,Full,0.94857645
183622,Venezuela Regional/CE: Multipurpose Cash Assistance (USAID/OFDA),1,Full,0.64975846
190046,Capactiy support to Oxfam (Method- and capacity support: Cash Learning Partnership (CaLP),1,Full,0.9576255
185181,Provision of cash for emergency shelter and cash for winterization to affected populations in FerozKoh.,1,Full,0.98199993
156465,"Food Vouchers and Cash Transfers for Relief Food and Livelihoods, Nutrition Assistance.  Urgent upscaling of cash-based interventions to prevent famine in rural areas of Somalia (USAID/FFP)",1,Partial,0.05593277
162126,Informal education/bridging classes for out-of-school children 9-14 years affected by the Lake Chad crisis in the Diffa region of Niger (restricted cash transfers),1,Full,0.97058547
158277,"Providing cash transfers to 200 vulnerable Somalian households (approx. 1,200 people) in four villages in Cynabo District, Sool region, for food security, improved water access and child nutrition.",1,Partial,0.48148543
188061,"Primary health care and basic needs coverage for vulnerable refugees, migrants and returnees from Venezuela through cash assistance and the distribution of property (2018 portion)",1,Full,0.92804223
188062,"Primary health care and basic needs coverage for vulnerable refugees, migrants and returnees from Venezuela through cash assistance and the distribution of property (2019 portion)",0,Full,0.92492926
191458,Improvement of access to community infrastructure and coverage of humanitarian need through cash transfers;,1,Full,0.9041112
185861,"The contribution has the purpose of supporting UNRWA in providing urgent humanitarian assistance to the most vulnerable Palestine refugee population living in Gaza Strip and in the West Bank, through Emergency food assistance and cash for work opportunities.",0,Full,0.6570654
186892,"The Cash Consortium for Iraq (CCI) Multi-Purpose Cash Assistance and Access to Critical Services for the Most Vulnerable Conflict Affected Households in Iraq

The Cash Consortium for Iraq (CCI) Multi-Purpose Cash Assistance and Access to Critical Services for the Most Vulnerable Conflict Affected Households in Iraq",0,Partial,0.062958255
159042,"In response, ACTED aims to provide food security support for 1,800 vulnerable households for eight months. This will be done through distribution of three months of cash transfers.",1,Full,0.949527
199255,"Provision of emergency one-off and multi-month, multi-purpose cash assistance to vulnerable households affected by conflict.",1,Full,0.9861558
188187,Support to drought-affected and food insecure households. Cash disbursements,1,Full,0.9178199
196315,"""Cash Barometer"", evaluating the perceptions of beneficiaries of humanitarian aid programs to improve the quality of humanitarian assistance",1,Full,0.98541945
160568,Distribution of food items and cash transfer to households with malnourished children (EMOP 200777),1,Full,0.8831307
188002,Increasing safe and dignified living conditions through provision of cash for winterization support to internally displaced persons (IDPs) affected by drought in Herat province.,1,Full,0.951507
163056,Market assessment in Raymah as well as three rounds of MEB amount of cash (24000 YER).,1,Full,0.9687061
184089,WES CFA Project.,1,Full,0.9729533
198817,"Coordinated Implementation of Multipurpose Cash assistance to support Somali Households affected by crisis,",1,Full,0.8237795
170700,"Provision of alternative livelihood through crop production and value chain enhancement (unrestricted, multi-purpose cash)",1,Full,0.9809492
194780,"Worldwide: Annual Contributions 2019-2020 to CashCap (Cash and Markets Standby Capacity Project): Protecion, access and security, Multi-year, 2019-2020,2019 portion, total amount CHF 300,000 (7F-10231.01)",1,Full,0.9749672
174116,Urgent livelihoods to support highly vulnerable returnees in order for them to have means (cash/livelihoods) to acquire basic needs in Al-Qaim districts in Anbar through CfW.,1,Full,0.92516255
186023,"""CAMEALEON - Cash Monitoring Evaluation Accountability and Learning Network._x000D__x000D_
The overall objective of the cooperation is to strengthen effectiveness, efficiency, accountability and learning of World Food Programme's (WFP) cash transfer programme in Lebanon"" LBN-18/0030",1,Full,0.95003533
163745,UNRWA: Cash/permet de faire fonctionner marchés et appuie la résilience des réfugiés palestiniens de Syrie exclus du plan de réponse jordanien.,1,Full,0.9158244
161364,"Conditional Shelter/NFI cash-voucher assistance to vulnerable IDPs and host communities in East Mosul, Ninewa Governorate",1,Full,0.9801595
161365,"Conditional Shelter/NFI cash-voucher assistance to vulnerable IDPs and host communities in East Mosul, Ninewa Governorate",1,Full,0.9801595
161366,"Conditional Shelter/NFI cash-voucher assistance to vulnerable IDPs and host communities in East Mosul, Ninewa Governorate",1,Full,0.9801595
201650,Coordinated Implementation of Multipurpose Cash Assistance to Support Somali Households Affected by Crisis,0,Full,0.8006862
165462,Implementation of SDC/HA Operational Concept on Cash Transfer Programming (CTP) Portion of multiyear 2017-2020; total amount 600 000 CHF. (7F-07880.05),1,Full,0.9358515
165461,Implementation of SDC/HA Operational Concept on Cash Transfer Programming (CTP) Portion of multiyear 2017-2020; total amount 600 000 CHF. (7F-07880.05),1,Full,0.9358515
165460,Implementation of SDC/HA Operational Concept on Cash Transfer Programming (CTP) Portion of multiyear 2017-2020; total amount 600 000 CHF. (7F-07880.05),1,Full,0.9358515
198027,Emergency assistance in restoring food security and agricultural livelihoods in Northern Red Sea and Anseba drought-affected areas through cash transfer-based interventions.,1,Full,0.96607023
201728,Coordinated Implementation of Multipurpose Cash Assistance to Support Somali Households Affected by Crisis (part of ECHO/-HF/BUD/2019/91009),0,Full,0.8259433
201729,Coordinated Implementation of Multipurpose Cash Assistance to Support Somali Households Affected by Crisis (part of ECHO/-HF/BUD/2019/91009),0,Full,0.8259433
188633,Coordinated Implementation of Multipurpose Cash Assistance to Support Somali Households Affected by Crisis (part of ECHO/-HF/BUD/2019/91009),1,Full,0.8259433
188639,Coordinated Implementation of Multipurpose Cash Assistance to Support Somali Households Affected by Crisis (part of ECHO/-HF/BUD/2019/91009),1,Full,0.8259433
188641,Coordinated Implementation of Multipurpose Cash Assistance to Support Somali Households Affected by Crisis (part of ECHO/-HF/BUD/2019/91009),1,Full,0.8259433
188642,Coordinated Implementation of Multipurpose Cash Assistance to Support Somali Households Affected by Crisis (part of ECHO/-HF/BUD/2019/91009),1,Full,0.8259433
196325,Coordinated Implementation of Multipurpose Cash Assistance to Support Somali Households Affected by Crisis (part of ECHO/-HF/BUD/2019/91009),1,Full,0.8259433
194777,"Worldwide: Annual Contributions 2019-2020 to CaLP (Cash Learning Partnership): Protecion, access and security, Multi-year, 2019-2020, 2019 portion, total amount CHF 400,000 (7F-08835.04)",1,Full,0.9788053
161050,"Comprehensive WASH and multisectoral Emergency Response to most vulnerable, disaster - affected communities in South Central Somalia.(Transfer modality - Voucher)_x000D__x000D_
(part of ECHO/-HF/BUD/2017/91029)",1,Full,0.9486494
161051,"Comprehensive WASH and multisectoral Emergency Response to most vulnerable, disaster - affected communities in South Central Somalia.(Transfer modality - Voucher)_x000D__x000D_
(part of ECHO/-HF/BUD/2017/91029)",1,Full,0.9486494
162128,"Limit risks of violence, abuse, exploitation and neglect against children affected by the Lake Chad crisis in the Diffa region of Niger (restricted cash transfers) (2017 portion of 2017-2018 multiyear award, total EUR 1.4 million)",1,Full,0.946186
193796,The project aims to provide food assistance to vulnerable and affected households in Paoua Sub prefecture through vouchers.,1,Full,0.9342872
166755,"Bothoor alkhaer project to support Iraqi Internally displaced persons (IDPs), host communities, remainees and returnees through cash-for-work activities to provide income for life-saving necessities",1,Full,0.90442055
176454,"Kivu Crisis Response for IDPs through Cash Transfers Programming, multi-year funding, 2018-2019, 2018 portion, total award CHF 800,000 (7F-09708.03)",1,Full,0.9810821
161052,"Comprehensive WASH and multisectoral Emergency Response to most vulnerable, disaster - affected communities in South Central Somalia.(Transfer modality - Cash)_x000D__x000D_
(part of ECHO/-HF/BUD/2017/91029)",1,Full,0.9556666
163014,Support WFP food voucher and cash transfer,1,Full,0.9414465
163057,"Over 2 months, ACTED will provide one-off cash transfers to an 740  households in Al Jawf in order to increase their ability to meet their immediate needs",1,Full,0.9841695
176453,"Kivu Crisis Response for IDPs through Cash Transfers Programming, multi-year funding, 2018-2019, total award CHF 1,000,000 (7F-09708.03)",1,Full,0.9844788
166362,provision of shelter and livelihood assistance (cash for - work) to IDPs in northern Syria (Al Bab & Atareb sub districts /Aleppo Governorate),1,Full,0.9827838
188901,"Projet de réponse d’urgence : distribution alimentaire pour les personnes déplacées, retournés et hôtes affectées par le conflit à Batangafo.",1,Full,0.827416
161064,"Famine prevention and drought response in Somalia (Transfer modality - Cash)_x000D__x000D_
(part of ECHO/-HF/BUD/2017/91017)",1,Full,0.9777681
188138,Facilitation des aides humanitaires par la réhabilitation d’une piste rurale à travers le transfert monétaire (argent contre travail) dans le district de Beloha,1,Full,0.93312585
197259,Emergency Food and Cash Assistance Project (USAID/OFDA),0,Partial,0.040030457
203393,Emergency Food and Cash Assistance Project (USAID/OFDA),0,Partial,0.040030457
189417,"Activities NOT COVERED by HRP - WFP Cash 2019, CSP Bangladeshr (7F-06817.56)",1,Full,0.98127615
156212,Support - unconditional cash-based  transfer to 500 households affected by cyclone Enawo (through Danish Red Cross),1,Full,0.988502
195423,PAM:Repas scolaires pour enfants réfugiés syriensUNRWA: cash transfer via ecards,1,Full,0.94432265
183597,"Aide alimentaire sous forme de"" cash for food"" dont le montant couvre deux tiers des besoins alimentaires.",1,Full,0.9699364
157569,"(Hurricane Matthew): Cash Transfers for Food, Agriculture Assistance (USAID/Haiti)",1,Full,0.88174325
180958,"Coverage of basic needs for returnees, refugees, internally displaced persons and host communities through cash assistance2018: 40.741,98 € 2019: 2.853.713,99 € 2020: 2.105.544,03 € (2019 portion)",1,Full,0.944175
182291,Supporting Vulnerable people during winter 2018-2019 in Mabtali and Idleb Sub-Districts with heating materials and stoves through restricted value voucher,1,Full,0.96692145
174312,Provision of emergency one-off or multi-month multipurpose cash assistance to vulnerable households affected by conflict,1,Full,0.98564374
202987,In response to earthquake in Albania: NFI/Cash,1,Full,0.939552
166700,"Provision of life-saving ES and NFIs to vulnerable conflict affected IDPs through Cash-Based Intervention modality to vulnerable communities in three IDP camps in Kajokeji, Central Equatoria State",1,Full,0.98251224
154819,Distribution and transfer of cash,1,Full,0.98085827
197279,"For Syria HRP 2019 ( Part of The 3rd Brussels Conference pledge). Cash Assistance for essential needs: $4,000,000; To be allocated: $1,000,000.",0,Full,0.71660995
181673,"Food Security  (USAID/FFP) Food voucher support to food insecured population in Berbera, Odweyne, Burao, Xudur, Wajid and Quansaxdheere",1,Full,0.60121965
174383,"Using a new payment system based on ""blockchain"" technology in the cash transfer",1,Full,0.96421534
162127,"Limit risks of violence, abuse, exploitation and neglect against children affected by the Lake Chad crisis in the Diffa region of Niger (restricted cash transfers)",1,Full,0.97561395
178241,"Providing food assistance through kits and vouchers (AID-FFP-G-16-00036), 2018 portion (USAID/FFP)",0,Partial,0.32237378
165533,"Secondment of a cash transfer and market specialist to ICRC HQ, Geneva, and for field missions. Multiyear funding 2017-2018; full amount 180000. (Z7H514500011)",1,Full,0.9888187
187012,Addressing protection challenges of the most vulnerable refugees in Lebanon through the Protection Cash Assistance programme (PCAP).,1,Full,0.970771
185743,Improve access to food for 1050 IDP families in Kaxda District Benadir region through cash based support,1,Full,0.9703283
166754,"Project to support Iraqi Internally displaced persons (IDPs), host communities, remainees and returnees through cash-for-work activities to provide income for life-saving necessities",1,Full,0.9701534
155787,"Jordan - Cash Assistance for essential needs, including food, shelter and NFIs (State/PRM)",1,Full,0.96528584
160413,Water Voucher Program in Shokat Al Sofi Area,1,Full,0.98459744
159861,IDPs working with Government as Cash for Work Program,1,Full,0.9758465
187353,"Cross-border emergency food, shelter, health and protection through cash assistance for Venezuelan refugees and migrants. 2018: 204.889 € 2019: 759.464 € 2020: 800.000 € (2019 portion)",1,Full,0.57899714
161062,"Integrated lifesaving assistance to drought and conflict-affected communities in Somaliland, Puntland and South Central Somalia (Transfer modality - Cash)_x000D__x000D_
(part of ECHO/-HF/BUD/2017/91051)",1,Full,0.97595096
162932,Famine prevention and drougth response in rural areas of Somalia (unconditional cash transfer),1,Full,0.9844983
177907,PUI : Assistance alimentaire d'urgence (e-voucher),1,Full,0.95737493
162012,Multilateral contribution: Support to the UNRWA’s emergency shelter programme. The Project aims to provide Transitional Shelter Cash Assistance (TSCA) to refugee families whose homes have been assessed as uninhabitable as a result of bombardment of the Gaza Strip so they can move into a temporary accommodation.,1,Full,0.985129
182289,"Distribution of fuel vouchers to meet the essential NFI needs for the affected girls, boy, women and men in Idleb sub-district during winter 2018-2019",1,Full,0.9694337
190662,Cash distribution in the East:Food Security & Livelihoods,1,Full,0.9837818
185606,Non-agricultural livelihoods support to refugees  through cash for work activities,1,Full,0.9756738
190947,Food security through cash assistance for those affected by the drought in the provinces of Samangan and Jawzjan,1,Full,0.94305307
162108,"Emergency cash assistance for Palestine refugees in Syria Financial year 2017: 7000000.00 € 2018: 4000000.00 €Top up financial year 2017: 5.000.000,00 €   2018: 3.000.000,00 €2. Top up financial year 2018: 2.000.000,00 €   2019: 6.000.000,00 €3. Top up financial year 2018: 8.000.000,00 €4. Top up financial year 2018: 5.000.000,00 €",1,Full,0.98363346
160366,Addressing the increasing vulnerabilities of the communities affected by the Syria crisis in Mount Lebanon with Multipurpose Cash Assistance,1,Full,0.97182006
155427,In response to 2017 appeal: Cash based programming (D004360),1,Full,0.9367704
195789,"Targeted Cash Response for Cyclone Idai Survivors (TACRCIS)

: Food Aid & Non Food Items",1,Full,0.96282303
185300,Gaza E-Voucher Response: Food Assistance for Families in Crisis.,1,Full,0.9652583
180887,"Cross-border emergency food, shelter, health and protection through cash assistance for Venezuelan refugees and migrants2018: 259.600,00 €    2019: 600.000,00 €    2020: 800.000,00 € (2018 portion)",1,Full,0.5620057
165535,"Secondment of a cash transfer and market specialist to ICRC HQ, Geneva, and for field missions. Portion of multiyear funding 2017-2018; full amount 180000. (Z7H514500011)",1,Full,0.98948413
165534,"Secondment of a cash transfer and market specialist to ICRC HQ, Geneva, and for field missions. Portion of multiyear funding 2017-2018; full amount 180000. (Z7H514500011)",1,Full,0.98948413
190614,DRC/Angola Expulsions: Multipurpose Cash Assistance ( USAID/OFDA),1,Full,0.874537
190005,"Food response through IRC activities to the emergency drought that has caused food insecurity, IPC 4 and 3, through unconditional cash transfers in favour of 6120 individuals.",1,Full,0.9875178
177992,"Emergency cash assistance for Palestine refugees in Syria Financial year 2017: 7000000.00 € 2018: 4000000.00 € Top up financial year 2017: 5.000.000,00 € 2018: 3.000.000,00 € 2. Top up financial year 2018: 2.000.000,00 € 2019: 6.000.000,00 € 3. Top up financial year 2018: 8.000.000,00 € 4. Top up financial year 2018: 5.000.000,00 €  (2018 portion)",1,Full,0.98403096
179038,"Emergency cash assistance for Palestine refugees in Syria Financial year 2017: 7000000.00 € 2018: 4000000.00 € Top up financial year 2017: 5.000.000,00 € 2018: 3.000.000,00 € 2. Top up financial year 2018: 2.000.000,00 € 2019: 6.000.000,00 € 3. Top up financial year 2018: 8.000.000,00 € 4. Top up financial year 2018: 5.000.000,00 € (2018 portion)",1,Full,0.98403096
177548,Shelter Cash assistance to the vulnerable families at the areas of Return of Kuram Agency with special focus on women & child headed Families,1,Full,0.98799163
164720,"Rapide responses to movements of populations through cash based programming , Multiyear 2017-2018, total amount CHF 900,000 (7F-09708.02)",1,Full,0.98741686
164722,"Rapide responses to movements of populations through cash based programming , Multiyear 2017-2018, total amount CHF 900,000 (7F-09708.02)",1,Full,0.98741686
164721,"Rapide responses to movements of populations through cash based programming , Multiyear 2017-2018, total amount CHF 900,000 (7F-09708.02)",1,Full,0.98741686
140347,"Emergency cash assistance for Palestine refugees in Syria Financial year 2017: 7000000.00 € 2018: 4000000.00 € Top up financial year 2017: 5.000.000,00 € 2018: 3.000.000,00 € 2. Top up financial year 2018: 2.000.000,00 € 2019: 6.000.000,00 € 3. Top up financial year 2018: 8.000.000,00 € 4. Top up financial year 2018: 5.000.000,00 €  (2017 portion)",1,Full,0.98400766
177497,"Emergency cash assistance for Palestine refugees in Syria Financial year 2017: 7000000.00 € 2018: 4000000.00 € Top up financial year 2017: 5.000.000,00 € 2018: 3.000.000,00 € 2. Top up financial year 2018: 2.000.000,00 € 2019: 6.000.000,00 € 3. Top up financial year 2018: 8.000.000,00 € 4. Top up financial year 2018: 5.000.000,00 €  (2017 portion)",1,Full,0.98400766
161056,Addressing immediate food and wash needs of drought affected populations in Somalia  (Transfer modality - Voucher) (part of ECHO/-HF/BUD/2017/91039),1,Full,0.96813923
177377,"Pass-through funding from Canada through ACTED to PIN: Vouchers (food/hygiene, and agricultural) as part of comprehensive humanitarian assistance  (part of P006144)",1,Full,0.98598194
185077,"Migrants, Cash",1,Full,0.98483175
183593,Transfert monétaire via des bons d'achat électroniques,1,Full,0.9751124
198633,Cash Consortium of Iraq Multi-Purpose Cash Assistance and Access to Critical Services for the Most Vulnerable Conflict Affected Households in Iraq,0,Full,0.5980146
161057,Addressing immediate food and wash needs of drought affected populations in Somalia  (Transfer modality - Cash) (part of ECHO/-HF/BUD/2017/91039),1,Full,0.9711586
201603,Kenya cash consortium response in drought affected ASAL Counties of Kenya (part of ECHO/-HF/BUD/2019/91044),0,Full,0.9661147
196321,Kenya cash consortium response in drought affected ASAL Counties of Kenya (part of ECHO/-HF/BUD/2019/91044),1,Full,0.9661147
172046,CASH FOR NUTRITION TRAINING AND REFERRALS OF MOTHERS TO STABILIZATION CENTERS.,1,Full,0.98317266
149995,Enhancing Access to Food for Internally Displaced Persons (IDPs) through the Provision of Unconditional Cash Transfers in Kaxda District,1,Full,0.9623252
178792,Dutch NGO Joint Humanitarian Response for Iraq - phase 4 IRQJR4: MPCA,1,Full,0.97978526
186854,Support to the Government Lean Season Response with Cash-Based Transfer top-up,1,Full,0.98576075
185748,Improving access food through unconditional cash transfer to vulnerable IDPs in Baidoa District of Bay region.,1,Full,0.9626926
166985,First and Second line emergency multipurpose cash assistance for conflict affected populations in NInewa,1,Full,0.95450926
159736,Urgent upscaling of cash-based interventions to prevent famine in rural areas of Somalia (USAID/FFP).,1,Full,0.9815803
164332,Refugee Response - Unconditional Cash Transfers for Food Assistance (part of ECHO/-AF/EDF/2017/01002) Burundi RRP,1,Full,0.9851841
185780,"Secondment: WFP, Somalia, Programme Officer Cash based Transfers., Multiyear 2018-2019, 2019 portion, total award CHF183,350 (Z7H214200027)",1,Full,0.98882675
163362,Gaza: Follow up Project for Cash for Work Participants,1,Full,0.979313
187420,Protection for the refugee population of Palestinian origin in Syria through cash assistance.,1,Full,0.9881932
187420,Protection for the refugee population of Palestinian origin in Syria through cash assistance.,1,Full,0.9881932
198963,Strengthening the capacity of humanitarian actors to provide cash / vouchers in humanitarian assistance programs (2019 portion),1,Full,0.9643996
182158,Unconditional Cash Transfers in Al Mukha (1500 HHs) and Dhubab (1500 HHs) Districts in Taiz - 6 Rounds.,1,Full,0.9901697
189418,"Allocation 2019: Cash Contributions: Food security, Emergency food assistance (7F-09777.27)",1,Full,0.9859492
198473,"Allocation 2019: Cash Contributions: Food security, Emergency food assistance (7F-09777.27)",1,Full,0.9859492
161058,Integrated emergency preparedness and response action targeting vulnerable populations in emergencies and crisis in South Central Somalia (Transfer modality - Voucher) (part of ECHO/-HF/BUD/2017/91007),1,Full,0.97078
161060,Integrated emergency preparedness and response action targeting vulnerable populations in emergencies and crisis in South Central Somalia (Transfer modality - Voucher) (part of ECHO/-HF/BUD/2017/91007),1,Full,0.97078
184444,Refugee Response - Unconditional Cash Transfers for Food Assistance (part of ECHO/-AF/EDF/2017/01002) - Burundi RRP,1,Full,0.9845221
182235,"Emergency cash assistance to conflict affected vulnerable households in Aden, Al-Hodeidah, Al-Mahwit, Amran, and Taiz Governorates, Yemen.",1,Full,0.99063665
165585,Crisis Response Window to support the Government of Ethiopia in its efforts to respond to the ongoing emergency; cash to both PSNP and HRD beneficiaries for 5th and 6th rounds.,1,Full,0.9913044
158425,Refugee Response - Unconditional Cash Transfers for Food Assistance (part of ECHO/-AF/EDF/2017/01002),1,Full,0.9842604
184443,Refugee Response - Unconditional Cash Transfers for Food Assistance (part of ECHO/-AF/EDF/2017/01002) - South Sudan RRP,1,Full,0.984428
188174,"Multi-purpose cash-based support of food security and resilience in Upper Nile, Jonglei and Eastern Equatoria States",1,Full,0.9805325
187391,"Multipurpose cash grants_x000D__x000D_
_x000D__x000D_
_x000D__x000D_
_x000D__x000D_
_x000D__x000D_
_x000D__x000D_
:",1,Full,0.9895377
201870,Community Based Protection of Water and Natural Resources on Sinjar Mountain through Cash for Assets intervention,1,Full,0.97634476
168002,Strenghtening Resilience through Cash for Education in North-east Nigeria,1,Full,0.9784046
199945,ECW multi year resilience Programme for Palestine - Emergency Cash-for-Work,1,Full,0.98974144
161059,Integrated emergency preparedness and response action targeting vulnerable populations in emergencies and crisis in South Central Somalia (Transfer modality - Cash) (part of ECHO/-HF/BUD/2017/91007),1,Full,0.97562474
157501,"Short-Term Employment Project for Gaza Strip Graduates Third Phase, Cash for work assistance",1,Full,0.9648681
189159,"Allocation 2019 - Cash Contributions: Food security, Emergency food assistance (7F-03297.50)",1,Full,0.98785686
184891,"Secondment of a Cash Expert to the Cash Learning Partnership (CaLP) in Geneva , Multiyear 2018-2019,  2018 portion, total award CHF 40,000 (Z7H514500019)",1,Full,0.9898531
184892,"Secondment of a Cash Expert to the Cash Learning Partnership (CaLP) in Geneva , Multiyear 2018-2019, 2019 portion, total award CHF 100,000 (Z7H514500019)",1,Full,0.9900558
198040,Global Unspecified: Support to increase the use of cash in humanitarian assistance (QZA-17/0058-29),1,Full,0.9765806
197582,Gaza Multi-Purpose Cash (GMPC) Programme (ECHO/PSE/BUD/2019/91009),1,Full,0.98101175
184898,"Secondment of a CTP Programme Officer to IFRC Regional Bureau in Dakar, Senegal, Multiyear 2018-2019, 2019 portion, total award CHF 160,000 (Z7H514500033)",1,Full,0.98872465
174548,"Emergency Cash for Work - Cash Assistance for essential needs, including food, shelter and NFIs",1,Full,0.9853834
189998,Food Vouchers (USAID/FFP),1,Full,0.974895
194397,Food Vouchers (USAID/FFP),1,Full,0.974895
197682,Food Vouchers (USAID/FFP),1,Full,0.974895
204467,Food Vouchers (USAID/FFP),1,Full,0.974895
198445,"Targeted Assistance to Households with Pregnant and Lactating Women, Girls and Persons With Special Needs Using Multi-purpose Cash",1,Full,0.983703
198631,Cash Consortium for Iraq (CCI) Harmonized Multi-Purpose Cash Assistance for Vulnerable Conflict-Affected Households (USAID/OFDA),1,Full,0.9863686
185313,Emergency Cash Program for Rehabilitation of returnees in Gedeo- Zone.,1,Full,0.99302894
202852,"Cash for Families in Bubq, Earthquake November 2019 through SDC/HA/EAA . Multiyear; 2019-2020, 2019 portion, total amount CHF 140,000 (7F-10412.02)",1,Full,0.9881683
161367,"Conditional Food cash-voucher assistance to vulnerable IDPs and host communities in East Mosul, Ninewa Governorate",1,Full,0.9855924
203695,"Additional Credit 2019: Cash for Families in Bubq, Earthquake November 2019 (Shelter, NFI and rehabilitation) (7F-10412.02 )",1,Full,0.96608466
181503,"Food Voucher Distribution to Severely Newly Displaced & Host Families in Nihm District, Sana’a Governorate",1,Full,0.97767705
191640,Global Unspecified: capacity to deliver Cash assistance (QZA-18/0130-29),1,Full,0.9786067
203355,Global Unspecified: capacity to deliver Cash assistance (QZA-18/0130-29),1,Full,0.9786067
180171,Addressing Food Needs of Drought Affected Households in Uruzgan through Cash for Food Assistance,1,Full,0.98140895
201541,"Secondment: Extension IFRC Secondment of a Cash Transfer Programming (CTP)

Programme Officer (Z7H514500033)",1,Full,0.9885111
177553,Distribution of 340 food voucher for displaced people from E,1,Full,0.98927057
175216,Multi-Purpose Cash Assistance to Internally Displaced People affected by war or natural disasters.  (ECHO/-AS/BUD/2018/91009),1,Full,0.9913356
184895,"Secondment of a Cash in Emergencies Specialist to IFRC HQ Geneva , Multiyear 2018-2019, 2019 portion, total award CHF 85,000 (Z7H514500020)",1,Full,0.98977077
200610,"Secondment: ""Extension of ICRC Secondment of Cash Transfer Programme Officer"" , Multiyear 2019-2020, 2019 portion, total amount CHF 60,000 (Z7H514500024)",1,Full,0.9870208
154221,Cash and Voucher Assistance for Relief Food and Livelihoods (USAID/FFP) (PRRO 200844),1,Full,0.6139037
157695,"Short-Term Employment Project for Gaza Strip Graduates Second Phase, Cash for work assistance",1,Full,0.9646193
169133,"Secondment of a Cash Expert to the Cash Learning Partnership (CaLP), Multiyear, 2017-2018, total amount CHF 60,000 (Z7H514500019)",1,Full,0.991227
169132,"Secondment of a Cash Expert to the Cash Learning Partnership (CaLP), Multiyear, 2017-2018, total amount CHF 60,000 (Z7H514500019)",1,Full,0.991227
183496,"Multipurpose Cash Assistance_x000D__x000D_
  (USAID/OFDA)",1,Full,0.99163836
167352,Winter agriculture vouchers,1,Full,0.983312
154454,Zimbabwe Food and Nutrition Emergency Cash Transfer Programme (ECHO/-SF/BUD/2017/91004),1,Full,0.96235347
201565,"Secondment: a Global CashOfficer , Multi-year, 2019-2020,2019 portion, total amount CHF 30,000 (Z7H514500020)",1,Full,0.9886346
201571,"Secondment:a Social Protection Officer (Cash-Based Transfer CBT) , Multi-year, 2019-2020, 2019 portion, total amount CHF 85,000 (Z7H514500032)",1,Full,0.9886457
196778,Providing Emergency Unconditional Cash Transfers to Vulnerable Households in Diinsoor,1,Full,0.9882576
202757,"Additional Allocations Cash 2019: Protecion, access and security(7F-04709.96)",1,Full,0.9793601
202758,"Additional Allocations Cash 2019: Protecion, access and security(7F-04709.96)",1,Full,0.9793601
205893,Multi-sector assistance to conflict-affected households to support early recovery in Iraq: cash for clothing (USAID/OFDA),1,Full,0.96108794
195445,Prolongation of ongoing support (cost-extension) to CASH working group,1,Full,0.9872295
190669,UNRWA: Cash Assistance for essential needs,1,Full,0.9791164
171241,Transitional Shelter Cash Assistance (part of PG/2016/03 - 3017837 - 2017 portion),1,Full,0.9645687
161063,Rapid Emergency Actions for Communities and Households affected by drought and displacement (REACH) (Transfer modality - Cash) (part of ECHO/-HF/BUD/2017/91014),1,Full,0.98540515
162790,Mission cash/soutien pour la reconstruction dans le Sud en Haitia (Z7H314300045),1,Full,0.9887777
185244,"Cash Assistance for essential needs, including food, shelter and NFIs_x000D__x000D_
 (part of ECHO/SYR/BUD/2018/91043)",1,Full,0.98915964
161042,Emergency Response for Disaster Affected communities in Somalia (ERDAC) (Transfer modality - Cash) (part of ECHO/-HF/BUD/2017/91032),1,Full,0.9835165
161043,Emergency Response for Disaster Affected communities in Somalia (ERDAC) (Transfer modality - Cash) (part of ECHO/-HF/BUD/2017/91032),1,Full,0.9835165
204713,Provision of food assistance to IDPs and Syrian refugees through cash-based transfers.,1,Full,0.99014074
171732,Emergency Life-saving for Idlib by providing Multi-Purpose Cash Grants (MPGs),1,Full,0.98952186
201561,"Secondment: a Cash Expert to the Cash Learning Partnership (CaLP) , Multi-year, 2019-2020, 2019 portion, total amount CHF 25,000 (Z7H514500019)",1,Full,0.9906962
174543,Cash/argent contre travail/formations agricoles,1,Full,0.9893936
161053,Drought Emergency Response (DER) in Somalia (Cash alliance - 2017) (Transfer modality - Cash) (part of ECHO/-HF/BUD/2017/91054),1,Full,0.98382527
161054,Drought Emergency Response (DER) in Somalia (Cash alliance - 2017) (Transfer modality - Voucher) (part of ECHO/-HF/BUD/2017/91054),1,Full,0.9824158
161055,Drought Emergency Response (DER) in Somalia (Cash alliance - 2017) (Transfer modality - Voucher) (part of ECHO/-HF/BUD/2017/91054),1,Full,0.9824158
189212,Cash assistance to vulnerable populations nutrition sensitive,1,Full,0.99187416
172952,Transitional Shelter Cash Assistance,1,Full,0.985537
154141,Transitional Shelter Cash Assistance,1,Full,0.985537
155623,Transitional Shelter Cash Assistance,1,Full,0.985537
156990,Transitional Shelter Cash Assistance,1,Full,0.985537
161360,Transitional Shelter Cash Assistance,1,Full,0.985537
206325,Cash Working Group National Co- Coordinator,1,Full,0.99107134
161048,Multi-Sector Emergency Assistance to Vulnerable Populations in Somalia (Transfer modality - Voucher) (part of ECHO/-HF/BUD/2017/91031),1,Full,0.9786543
161044,Integrated humanitarian assistance to drought and displacement-affected populations in Somalia (Transfer modality - Voucher) (part of ECHO/-HF/BUD/2017/91023),1,Full,0.97559255
161045,Integrated humanitarian assistance to drought and displacement-affected populations in Somalia (Transfer modality - Voucher) (part of ECHO/-HF/BUD/2017/91023),1,Full,0.97559255
187733,"Secondment:Secondment Cash based transfer Officer, Kinshasa (Z7H214200054)",1,Full,0.98937523
162812,Multi-purpose assistance to emergency-affected households,1,Full,0.98998916
161061,Emergency relief assistance to households affected by drought in Somalia (Transfer modality - Voucher) (part of ECHO/-HF/BUD/2017/91052),1,Full,0.9760625
166926,Cash Consortium for Iraq: Emergency multi-purpose cash assistance for the most vulnerable conflict-affected households in Iraq - Hawija reserve allocation,1,Full,0.9882499
161049,Multi-Sector Emergency Assistance to Vulnerable Populations in Somalia (Transfer modality - Cash) (part of ECHO/-HF/BUD/2017/91031),1,Full,0.97932136
166925,Cash Consortium for Iraq: Emergency Multi-Purpose Cash assistance for the most vulnerable conflict-affected households in Iraq,1,Full,0.9877071
159974,Cash support to needy children (orphans)  covering for their  social and health care in various provinces of Yemen.,1,Full,0.9905408
166404,contribution to the appeal: cash transfer programme,1,Full,0.9898122
161046,Integrated humanitarian assistance to drought and displacement-affected populations in Somalia (Transfer modality - Cash) (part of ECHO/-HF/BUD/2017/91023),1,Full,0.9828386
161047,Integrated humanitarian assistance to drought and displacement-affected populations in Somalia (Transfer modality - Cash) (part of ECHO/-HF/BUD/2017/91023),1,Full,0.9828386
158229,Emergency relief assistance to households affected by drought in Somalia (Transfer modality - Cash) (part of ECHO/-HF/BUD/2017/91052),1,Full,0.9790501
198621,Cash cards for Syrian refugees,1,Full,0.9926664
189873,Secondment :WFP Secondment Cash Expert (Z7H314300005),1,Full,0.99135065
162389,Provision of food vouchers to displaced populations,1,Full,0.9906595
181523,"Cash based intervention for Rohingya refugees and host community in Cox's Bazar District, Bangladesh .",1,Full,0.9931272
172489,Cash-based Intervention for Sryian and Iraqi Refugees in Mersin (Third Phase),1,Full,0.9908923
166431,"Cash for rent assistance to vulnerable Syrian and Jordanian households living in urban and rural areas in Irbid, Karak and Ma'an Governorates",1,Full,0.98510057
165666,"Unconditional Cash Transfer to 39,500 individuals in Konduga LGA, Borno state (USAID/FFP)",1,Full,0.99161834
183428,Cash Assistance  - to be allocated,1,Full,0.9913395
166437,Cash Assistance to Mitigate the Impact of Winter Weather and Dependence on Negative Coping Strategies among Vulnerable Syrian Refugees and Host Community Members in Jordan,1,Full,0.988187
175315,Multi-purpose cash assistance to the most vulnerable Palestinain refugees from Syria( PRS) Female HHS in six Palestinian refugee’s camps,1,Full,0.99088293
193260,Emergency Cash-for-Work,1,Full,0.9916944
193264,Emergency Cash-for-Work,1,Full,0.9916944
205911,Emergency Cash-for-Work,1,Full,0.9916944
172990,Emergency Cash-for-Work,1,Full,0.9916944
172992,Emergency Cash-for-Work,1,Full,0.9916944
156963,Emergency Cash-for-Work,1,Full,0.9916944
156965,Emergency Cash-for-Work,1,Full,0.9916944
156992,Emergency Cash-for-Work,1,Full,0.9916944
165168,Emergency Cash-for-Work,1,Full,0.9916944
164859,Distribution of cash to 2000 flood affected households in Dinajpur Rangpur division,1,Full,0.9913872
173003,Emergency Cash for Work,1,Full,0.9924544
191235,Thematic Humanitarian Funds for CASH Assistance - Somalia (SM1899100458),1,Full,0.98118764
199003,"Multipurpose Cash Assistance,Protection ( USAID/OFDA)",1,Full,0.98455435
199312,"Multipurpose Cash Assistance,Protection (USAID/OFDA)",1,Full,0.98455435
172552,Sustained Cash Assistance to Prevent Famine and Respond to Drought in Rural Somalia (USAID/FFP),1,Full,0.9906619
164417,Cash support to IDPs,1,Full,0.992423
183220,"Unconditional cash grants for vulnerable IDP and host community HH in Juba._x000D__x000D_
from Tearfund",1,Full,0.99128425
195004,Collaborative Cash Delivery - Responding to Displacement Crises in Ethiopia (ECHO/-HF/BUD/2019/91034),1,Full,0.9876061
183424,"Cash Assistance for essential needs, including food, shelter and NFIs - Humanitarian Assistance in  Lebanon within the Syria 3RP plan",1,Full,0.98817575
153101,Provision of Multi-Purpose Cash Assistance to Vulnerable Herder Households Affected by Dzud,1,Full,0.9918829
183454,"Cash Assistance for essential needs, including food, shelter and NFIs (National Committee Spain, Basque government)",1,Full,0.99008864
191242,Cash assistance,1,Full,0.99178267
195805,Cash assistance,1,Full,0.99178267
174854,cash assistance,1,Full,0.99178267
167661,Cash assistance,1,Full,0.99178267
198085,Life-saving assistance for the crisis-affected groups in high-density areas of IDPs through cash grants distribution for winterisation,1,Full,0.9906921
187023,Cash support to displaced,1,Full,0.9922786
188351,Cash transfer program to meet the food and basic assistance needs of Syrian refugees in Lebanon form 2018 HIP to 2019,1,Full,0.9913994
184241,Emergency Distribution of Cash Transfer to Afghan Returnees and IDPs in Eastern Afghanistan,1,Full,0.99156815
176223,Cash-for-Health humanitarian assistance for refugees in Jordan (ECHO/SYR/BUD/2018/91020),1,Full,0.9872168
167515,Multi-purpose cash grants,1,Full,0.9929061
167528,Multi-purpose cash grants,1,Full,0.9929061
172939,"Cash Assistance for essential needs, including food, shelter and NFIs (through National Committee Spain, Bizkaia Regional Government)",1,Full,0.9913953
171899,Emergency livelihood support through cash for work for refugees from South Sudan,1,Full,0.9862742
155014,Emergency livelihood support through cash for work for refugees from South Sudan,1,Full,0.9862742
183222,Unconditional cash grants for vulnerable host community households in Juba. from Tearfund,1,Full,0.9921887
183223,Unconditional cash grants for vulnerable host community households in Juba. from Tearfund,1,Full,0.9921887
196779,Unconditional Cash Assistance to Improve Immediate Access to Food for Vulnerable Households in the Lower Shabelle region of Somalia,1,Full,0.991768
184653,Cash for Health Assistance to Syrian Refugees and Vulnerable Jordanians.,1,Full,0.9906446
190001,"Cash transfer for Food , Local and Regional Food Procurement (USAID/FFP)",1,Full,0.9912453
170311,Cash for winterization,1,Full,0.9912476
183565,Emergency Cash for Work Gaza,1,Full,0.99230313
171695,"Life saving cash assistance for the most vulnerable IDP and host population in Jere LGA, Borno State (ECHO/-WF/BUD/2018/91006)",1,Full,0.9902339
181737,Unconditional cash assistance to increase food security of drought affected persons.,1,Full,0.99272513
156984,Emergency Cash-for-Work (GAZA),1,Full,0.99018645
161396,Emergency Cash-for-Work (GAZA),1,Full,0.99018645
168368,"Cash Assistance for essential needs, including food, shelter and NFIs (part of ECHO/SYR/BUD/2017/91046)",1,Full,0.98989314
154822,"Life saving cash assistance for the most vulnerable IDP and host population in Maiduguri, Borno state (ECHO/-WF/BUD/2017/91022)",1,Full,0.99023706
156986,Emergency Cash-for-Work (WB),1,Full,0.9897154
161397,Emergency Cash-for-Work (WB),1,Full,0.9897154
183425,"Cash Assistance for essential needs, including food, shelter and NFIs Humanitarian Assistance in Jordan within the Syria 3RP plan",1,Full,0.9885039
183228,Emergency Cash for Protection (ESCAPE),1,Full,0.9916849
197132,Multipurpose Cash Assistance (USAID/OFDA),1,Full,0.99006164
183399,Multipurpose Cash Assistance (USAID/OFDA),1,Full,0.99006164
183483,Multipurpose Cash Assistance (USAID/OFDA),1,Full,0.99006164
183489,Multipurpose Cash Assistance  (USAID/OFDA),1,Full,0.99006164
183499,Multipurpose Cash Assistance  (USAID/OFDA),1,Full,0.99006164
166436,Cash-for-rent Assistance Targeting Households with Persons with Disabilities (PWD) within Syrian Refugee and Vulnerable Host Community Populations in Jordan,1,Full,0.9878677
158298,Cash transfers to 1200HHs from vulnerable drought effected rain fed farmners in Balad carea,1,Full,0.9922087
158681,Unconditional Cash grants,1,Full,0.9925061
170322,Cash for shelter multi-year program for Syrian refugees and the poorest local communities,1,Full,0.9893421
183431,"Cash Assistance for essential needs, including food, shelter and NFIs -",1,Full,0.9911282
155735,"Cash Assistance for essential needs, including food, shelter and NFIs (State/PRM)",1,Full,0.98870635
155782,"Cash Assistance for essential needs, including food, shelter and NFIs (State/PRM)",1,Full,0.98870635
161565,"Cash Assistance for essential needs, including food, shelter and NFIs (State/PRM)",1,Full,0.98870635
161571,"Cash Assistance for essential needs, including food, shelter and NFIs (State/PRM)",1,Full,0.98870635
161575,"Cash Assistance for essential needs, including food, shelter and NFIs (State/PRM)",1,Full,0.98870635
193418,Cash grants for IDP returnees in Yemen in 2019,1,Full,0.99290425
176548,Urgent Cash distribution for the most vulnerable families in Shirqat,1,Full,0.99251187
195298,Cash-for-Health Assistance to Strengthen Resilience in Syrian Refugees and Vulnerable Jordanians in Jordan,1,Full,0.98810077
179070,Cash-for-Health Assistance to Strengthen Resilience in Syrian Refugees and Vulnerable Jordanians in Jordan,1,Full,0.98810077
155724,"Cash Assistance for essential needs, including food, shelter and NFIs (through Spain, Basque government)",1,Full,0.9905471
165224,"Cash Assistance for essential needs, including food, shelter and NFIs (through Spain, Basque government)",1,Full,0.9905471
193396,Emergency cash distribution in SE RCA (USAID/FFP),1,Full,0.99086964
192773,Cash transfer program to meet the food and basic assistance needs of Syrian refugees in Lebanon (ECHO/SYR/BUD/2018/91042),1,Full,0.9915553
183562,Emergency Cash for Work in Gaza,1,Full,0.9922295
163750,Emergency Cash for Work in Gaza,1,Full,0.9922295
202520,"Cash Assistance for Food IDPS in Gongulong, Jere LGA (Borno State) from ""World Renew/ CFGB

""",1,Full,0.9878323
172931,"Cash Assistance for essential needs, including food, shelter and NFIs",1,Full,0.9905794
172933,"Cash Assistance for essential needs, including food, shelter and NFIs",1,Full,0.9905794
172943,"Cash Assistance for essential needs, including food, shelter and NFIs",1,Full,0.9905794
172944,"Cash Assistance for essential needs, including food, shelter and NFIs",1,Full,0.9905794
183268,"Cash Assistance for essential needs, including food, shelter and NFIs",1,Full,0.9905794
183282,"Cash Assistance for essential needs, including food, shelter and NFIs",1,Full,0.9905794
183287,"Cash Assistance for essential needs, including food, shelter and NFIs",1,Full,0.9905794
183297,"Cash Assistance for essential needs, including food, shelter and NFIs",1,Full,0.9905794
183299,"Cash Assistance for essential needs, including food, shelter and NFIs",1,Full,0.9905794
183302,"Cash Assistance for essential needs, including food, shelter and NFIs",1,Full,0.9905794
183325,"Cash Assistance for essential needs, including food, shelter and NFIs",1,Full,0.9905794
183430,"Cash Assistance for essential needs, including food, shelter and NFIs",1,Full,0.9905794
183442,"Cash Assistance for essential needs, including food, shelter and NFIs",1,Full,0.9905794
183447,"Cash Assistance for essential needs, including food, shelter and NFIs",1,Full,0.9905794
183450,"Cash Assistance for essential needs, including food, shelter and NFIs",1,Full,0.9905794
185234,"Cash Assistance for essential needs, including food, shelter and NFIs",1,Full,0.9905794
185247,"Cash Assistance for essential needs, including food, shelter and NFIs",1,Full,0.9905794
185254,"Cash Assistance for essential needs, including food, shelter and NFIs",1,Full,0.9905794
185255,"Cash Assistance for essential needs, including food, shelter and NFIs",1,Full,0.9905794
183275,"Cash Assistance for essential needs, including food, shelter and NFIs",1,Full,0.9905794
155723,"Cash Assistance for essential needs, including food, shelter and NFIs",1,Full,0.9905794
155784,"Cash Assistance for essential needs, including food, shelter and NFIs",1,Full,0.9905794
155785,"Cash Assistance for essential needs, including food, shelter and NFIs",1,Full,0.9905794
155786,"Cash Assistance for essential needs, including food, shelter and NFIs",1,Full,0.9905794
161350,"Cash Assistance for essential needs, including food, shelter and NFIs",1,Full,0.9905794
161546,"Cash Assistance for essential needs, including food, shelter and NFIs",1,Full,0.9905794
165225,"Cash Assistance for essential needs, including food, shelter and NFIs",1,Full,0.9905794
165226,"Cash Assistance for essential needs, including food, shelter and NFIs",1,Full,0.9905794
165227,"Cash Assistance for essential needs, including food, shelter and NFIs",1,Full,0.9905794
165263,"Cash Assistance for essential needs, including food, shelter and NFIs",1,Full,0.9905794
165264,"Cash Assistance for essential needs, including food, shelter and NFIs",1,Full,0.9905794
165265,"Cash Assistance for essential needs, including food, shelter and NFIs",1,Full,0.9905794
171164,"Cash Assistance for essential needs, including food, shelter and NFIs",1,Full,0.9905794
171180,"Cash Assistance for essential needs, including food, shelter and NFIs",1,Full,0.9905794
206537,Cash Assistance for essential needs,1,Full,0.99248236
160651,"Cash-based assistance to support vulnerable conflict-affected families in Shirqat, Salah Ad Din",1,Full,0.9907974
204018,"Cash Assistance to the needy family to 83,000 affected people through Kuwait Society for Relief",1,Full,0.9907831
155796,"Cash Assistance for essential needs, including food, shelter and NFIs  (Allocation of unearmarked funds)",1,Full,0.989912
198751,Cash distribution to affected population,1,Full,0.99259186
153603,Cash Transfers for Food (USAID/FFP),1,Full,0.992527
162771,Cash Transfers for Food (USAID/FFP),1,Full,0.992527
166275,Cash transfers for food (USAID/FFP),1,Full,0.992527
190000,"Cash transfer for Food , Nutrition (USAID/FFP)",1,Full,0.99123657
177504,Multi-purpose cash grants from Holy Fater Initiative for Ukraine,1,Full,0.9928041
171188,"Cash Assistance for essential needs, including food, shelter and NFIs (through Madrid Local Council)",1,Full,0.9912176
197176,Cash Assistance in Re-emerging Markets in Syria (CARMA) (ECHO/SYR/BUD/2019/91043),1,Full,0.9899502
183566,Emergency Cash for Work in West Bank,1,Full,0.99252445
176369,Emergency Cash for Work in West Bank,1,Full,0.99252445
161539,"Cash Assistance for essential needs, including food, shelter and NFIs (through Online/Individual giving)",1,Full,0.99113524
161540,"Cash Assistance for essential needs, including food, shelter and NFIs (through Online/Individual giving)",1,Full,0.99113524
171176,"Cash Assistance for essential needs, including food, shelter and NFIs (through Online/Individual giving)",1,Full,0.99113524
187410,Cash Transfer Scheme for Children with Disabilities – Social Protection,1,Full,0.99253815
167838,Cash for Health for vulnerable Syrians and Jordanians,1,Full,0.9909498
166919,Cash for Work for highly vulnerable IDPs and HCs in Remadi districts in Anbar province,1,Full,0.98945767
161547,"Cash Assistance for essential needs, including food, shelter and NFIs (part of MEU-17/0011-2)",1,Full,0.99110574
171187,"Cash Assistance for essential needs, including food, shelter and NFIs (through Bizkaia Regional Government)",1,Full,0.9910706
172946,"Cash Assistance for essential needs, including food, shelter and NFIs (2018 portion)",1,Full,0.98871243
183432,"Cash Assistance for essential needs, including food, shelter and NFIs  (2018 portion)",1,Full,0.98871243
191340,Cash Based Support for Increased Food Security of South Sudanese Refugees in East Darfur (ECHO/-AF/BUD/2019/91018),1,Full,0.98883677
189740,Cash Transfers for Food in response to Cyclone Idai (USAID/FFP),1,Full,0.991967
171283,Unconditional cash assistance for Palestine Refugees from Syria (PRS).,1,Full,0.99267393
171830,Targeted Cash Transfers to Vulnerable Internally Displaced Persons (IDPs) Affected by the Marawi Conflict,1,Full,0.99284667
161548,"Cash Assistance for essential needs, including food, shelter and NFIs (part of MEU-17/0011-3)",1,Full,0.99107015
197453,Multi-purpose cash assistance for refugees and asylum-seekers in Egypt (part of ECHO/SYR/BUD/2018/91033),1,Full,0.9903116
193618,Cash assistance to Syrian Refugees in Lebanon,1,Full,0.99268144
179046,Cash assistance for safe relocation of households affected by the conflict in Hodeida,1,Full,0.9918915
196118,Cash assistance (through Global Thematic - ESARO),1,Full,0.9916978
192782,Multi purpose cash assistance for refugees and asylum seekers in Egypt,1,Full,0.99278426
166984,Cash assistance for vulnerable households affected by conflict,1,Full,0.9929014
